user_id,stars,date,aspect,sentiment,cluster,nrc_positive,nrc_joy,nrc_trust,nrc_anticipation,nrc_surprise,nrc_anger,nrc_disgust,nrc_fear,nrc_negative,nrc_sadness
user_1,2,2019-11-04,food,0,4,3.27,3.46,3.61,2.98,1.36,1.33,0.45,0.93,1.6,0.51
user_1,2,2019-11-04,service,1,4,3.27,3.46,3.61,2.98,1.36,1.33,0.45,0.93,1.6,0.51
user_1,2,2019-11-04,ambience,1,4,3.27,3.46,3.61,2.98,1.36,1.33,0.45,0.93,1.6,0.51
user_1,2,2019-11-04,price,0,4,3.27,3.46,3.61,2.98,1.36,1.33,0.45,0.93,1.6,0.51
user_1,2,2019-11-04,location,1,4,3.27,3.46,3.61,2.98,1.36,1.33,0.45,0.93,1.6,0.51
user_2,4,2018-06-11,food,1,3,4.02,3.17,3.55,1.84,1.84,1.21,0.04,0.3,2.42,0.65
user_2,4,2018-06-11,service,1,3,4.02,3.17,3.55,1.84,1.84,1.21,0.04,0.3,2.42,0.65
user_2,4,2018-06-11,ambience,1,3,4.02,3.17,3.55,1.84,1.84,1.21,0.04,0.3,2.42,0.65
user_2,4,2018-06-11,price,1,3,4.02,3.17,3.55,1.84,1.84,1.21,0.04,0.3,2.42,0.65
user_2,4,2018-06-11,location,-1,3,4.02,3.17,3.55,1.84,1.84,1.21,0.04,0.3,2.42,0.65
user_3,3,2019-05-12,food,1,2,4.72,2.36,2.59,2.98,2.38,0.85,0.58,1.32,0.64,0.85
user_3,3,2019-05-12,service,1,2,4.72,2.36,2.59,2.98,2.38,0.85,0.58,1.32,0.64,0.85
user_3,3,2019-05-12,ambience,0,2,4.72,2.36,2.59,2.98,2.38,0.85,0.58,1.32,0.64,0.85
user_3,3,2019-05-12,price,-1,2,4.72,2.36,2.59,2.98,2.38,0.85,0.58,1.32,0.64,0.85
user_3,3,2019-05-12,location,1,2,4.72,2.36,2.59,2.98,2.38,0.85,0.58,1.32,0.64,0.85
user_4,2,2019-01-29,food,1,1,2.78,3.17,2.4,2.2,1.95,0.07,0.15,1.07,0.93,1.46
user_4,2,2019-01-29,service,1,1,2.78,3.17,2.4,2.2,1.95,0.07,0.15,1.07,0.93,1.46
user_4,2,2019-01-29,ambience,1,1,2.78,3.17,2.4,2.2,1.95,0.07,0.15,1.07,0.93,1.46
user_4,2,2019-01-29,price,1,1,2.78,3.17,2.4,2.2,1.95,0.07,0.15,1.07,0.93,1.46
user_4,2,2019-01-29,location,1,1,2.78,3.17,2.4,2.2,1.95,0.07,0.15,1.07,0.93,1.46
user_5,4,2019-04-07,food,1,3,3.83,1.32,2.98,1.58,2.71,1.91,0.58,1.06,0.64,0.85
user_5,4,2019-04-07,service,0,3,3.83,1.32,2.98,1.58,2.71,1.91,0.58,1.06,0.64,0.85
user_5,4,2019-04-07,ambience,1,3,3.83,1.32,2.98,1.58,2.71,1.91,0.58,1.06,0.64,0.85
user_5,4,2019-04-07,price,0,3,3.83,1.32,2.98,1.58,2.71,1.91,0.58,1.06,0.64,0.85
user_5,4,2019-04-07,location,1,3,3.83,1.32,2.98,1.58,2.71,1.91,0.58,1.06,0.64,0.85
user_6,1,2018-06-13,food,0,4,4.2,2.32,2.42,2.4,2.51,0.61,1.11,0.27,0.85,1.19
user_6,1,2018-06-13,service,1,4,4.2,2.32,2.42,2.4,2.51,0.61,1.11,0.27,0.85,1.19
user_6,1,2018-06-13,ambience,0,4,4.2,2.32,2.42,2.4,2.51,0.61,1.11,0.27,0.85,1.19
user_6,1,2018-06-13,price,1,4,4.2,2.32,2.42,2.4,2.51,0.61,1.11,0.27,0.85,1.19
user_6,1,2018-06-13,location,1,4,4.2,2.32,2.42,2.4,2.51,0.61,1.11,0.27,0.85,1.19
user_7,1,2017-06-07,food,1,2,2.97,3.28,2.21,1.39,1.0,1.46,0.6,1.23,0.79,1.04
user_7,1,2017-06-07,service,1,2,2.97,3.28,2.21,1.39,1.0,1.46,0.6,1.23,0.79,1.04
user_7,1,2017-06-07,ambience,1,2,2.97,3.28,2.21,1.39,1.0,1.46,0.6,1.23,0.79,1.04
user_7,1,2017-06-07,price,1,2,2.97,3.28,2.21,1.39,1.0,1.46,0.6,1.23,0.79,1.04
user_7,1,2017-06-07,location,1,2,2.97,3.28,2.21,1.39,1.0,1.46,0.6,1.23,0.79,1.04
user_8,5,2019-12-29,food,1,4,3.48,4.11,3.2,2.93,0.59,0.81,0.52,1.54,0.67,0.63
user_8,5,2019-12-29,service,1,4,3.48,4.11,3.2,2.93,0.59,0.81,0.52,1.54,0.67,0.63
user_8,5,2019-12-29,ambience,1,4,3.48,4.11,3.2,2.93,0.59,0.81,0.52,1.54,0.67,0.63
user_8,5,2019-12-29,price,1,4,3.48,4.11,3.2,2.93,0.59,0.81,0.52,1.54,0.67,0.63
user_8,5,2019-12-29,location,1,4,3.48,4.11,3.2,2.93,0.59,0.81,0.52,1.54,0.67,0.63
user_9,3,2017-07-05,food,1,3,3.33,2.51,2.12,3.25,2.14,1.27,0.91,0.57,1.1,0.3
user_9,3,2017-07-05,service,0,3,3.33,2.51,2.12,3.25,2.14,1.27,0.91,0.57,1.1,0.3
user_9,3,2017-07-05,ambience,0,3,3.33,2.51,2.12,3.25,2.14,1.27,0.91,0.57,1.1,0.3
user_9,3,2017-07-05,price,-1,3,3.33,2.51,2.12,3.25,2.14,1.27,0.91,0.57,1.1,0.3
user_9,3,2017-07-05,location,1,3,3.33,2.51,2.12,3.25,2.14,1.27,0.91,0.57,1.1,0.3
user_10,1,2018-09-26,food,1,2,4.4,2.83,2.64,2.14,1.93,0.46,0.44,1.24,1.6,0.68
user_10,1,2018-09-26,service,1,2,4.4,2.83,2.64,2.14,1.93,0.46,0.44,1.24,1.6,0.68
user_10,1,2018-09-26,ambience,1,2,4.4,2.83,2.64,2.14,1.93,0.46,0.44,1.24,1.6,0.68
user_10,1,2018-09-26,price,1,2,4.4,2.83,2.64,2.14,1.93,0.46,0.44,1.24,1.6,0.68
user_10,1,2018-09-26,location,1,2,4.4,2.83,2.64,2.14,1.93,0.46,0.44,1.24,1.6,0.68
user_11,2,2019-08-20,food,1,4,3.43,3.79,1.83,3.35,1.33,0.97,0.63,0.9,1.66,0.35
user_11,2,2019-08-20,service,1,4,3.43,3.79,1.83,3.35,1.33,0.97,0.63,0.9,1.66,0.35
user_11,2,2019-08-20,ambience,1,4,3.43,3.79,1.83,3.35,1.33,0.97,0.63,0.9,1.66,0.35
user_11,2,2019-08-20,price,1,4,3.43,3.79,1.83,3.35,1.33,0.97,0.63,0.9,1.66,0.35
user_11,2,2019-08-20,location,1,4,3.43,3.79,1.83,3.35,1.33,0.97,0.63,0.9,1.66,0.35
user_12,3,2019-05-05,food,1,3,3.21,3.07,3.33,1.95,2.77,0.63,0.26,1.17,0.34,0.94
user_12,3,2019-05-05,service,-1,3,3.21,3.07,3.33,1.95,2.77,0.63,0.26,1.17,0.34,0.94
user_12,3,2019-05-05,ambience,1,3,3.21,3.07,3.33,1.95,2.77,0.63,0.26,1.17,0.34,0.94
user_12,3,2019-05-05,price,1,3,3.21,3.07,3.33,1.95,2.77,0.63,0.26,1.17,0.34,0.94
user_12,3,2019-05-05,location,-1,3,3.21,3.07,3.33,1.95,2.77,0.63,0.26,1.17,0.34,0.94
user_13,3,2019-07-23,food,0,0,2.43,2.74,2.95,2.6,1.8,0.67,0.3,0.78,2.02,1.43
user_13,3,2019-07-23,service,0,0,2.43,2.74,2.95,2.6,1.8,0.67,0.3,0.78,2.02,1.43
user_13,3,2019-07-23,ambience,-1,0,2.43,2.74,2.95,2.6,1.8,0.67,0.3,0.78,2.02,1.43
user_13,3,2019-07-23,price,1,0,2.43,2.74,2.95,2.6,1.8,0.67,0.3,0.78,2.02,1.43
user_13,3,2019-07-23,location,1,0,2.43,2.74,2.95,2.6,1.8,0.67,0.3,0.78,2.02,1.43
user_14,3,2017-07-23,food,1,2,2.75,1.68,3.7,2.55,2.1,1.12,0.39,0.81,2.13,1.14
user_14,3,2017-07-23,service,1,2,2.75,1.68,3.7,2.55,2.1,1.12,0.39,0.81,2.13,1.14
user_14,3,2017-07-23,ambience,1,2,2.75,1.68,3.7,2.55,2.1,1.12,0.39,0.81,2.13,1.14
user_14,3,2017-07-23,price,1,2,2.75,1.68,3.7,2.55,2.1,1.12,0.39,0.81,2.13,1.14
user_14,3,2017-07-23,location,1,2,2.75,1.68,3.7,2.55,2.1,1.12,0.39,0.81,2.13,1.14
user_15,4,2015-11-06,food,1,4,2.78,2.22,2.3,3.01,1.54,0.06,1.16,0.41,0.05,0.59
user_15,4,2015-11-06,service,1,4,2.78,2.22,2.3,3.01,1.54,0.06,1.16,0.41,0.05,0.59
user_15,4,2015-11-06,ambience,1,4,2.78,2.22,2.3,3.01,1.54,0.06,1.16,0.41,0.05,0.59
user_15,4,2015-11-06,price,1,4,2.78,2.22,2.3,3.01,1.54,0.06,1.16,0.41,0.05,0.59
user_15,4,2015-11-06,location,0,4,2.78,2.22,2.3,3.01,1.54,0.06,1.16,0.41,0.05,0.59
user_16,3,2018-05-17,food,1,1,2.99,2.86,3.64,3.32,1.92,0.65,0.6,0.52,0.22,1.68
user_16,3,2018-05-17,service,1,1,2.99,2.86,3.64,3.32,1.92,0.65,0.6,0.52,0.22,1.68
user_16,3,2018-05-17,ambience,1,1,2.99,2.86,3.64,3.32,1.92,0.65,0.6,0.52,0.22,1.68
user_16,3,2018-05-17,price,1,1,2.99,2.86,3.64,3.32,1.92,0.65,0.6,0.52,0.22,1.68
user_16,3,2018-05-17,location,1,1,2.99,2.86,3.64,3.32,1.92,0.65,0.6,0.52,0.22,1.68
user_17,4,2015-10-10,food,0,2,2.87,2.41,2.76,2.49,0.32,0.31,0.44,1.06,0.62,0.83
user_17,4,2015-10-10,service,1,2,2.87,2.41,2.76,2.49,0.32,0.31,0.44,1.06,0.62,0.83
user_17,4,2015-10-10,ambience,0,2,2.87,2.41,2.76,2.49,0.32,0.31,0.44,1.06,0.62,0.83
user_17,4,2015-10-10,price,1,2,2.87,2.41,2.76,2.49,0.32,0.31,0.44,1.06,0.62,0.83
user_17,4,2015-10-10,location,1,2,2.87,2.41,2.76,2.49,0.32,0.31,0.44,1.06,0.62,0.83
user_18,2,2016-04-17,food,-1,4,3.59,3.85,2.53,1.72,1.99,1.06,0.17,0.75,0.09,0.16
user_18,2,2016-04-17,service,1,4,3.59,3.85,2.53,1.72,1.99,1.06,0.17,0.75,0.09,0.16
user_18,2,2016-04-17,ambience,1,4,3.59,3.85,2.53,1.72,1.99,1.06,0.17,0.75,0.09,0.16
user_18,2,2016-04-17,price,1,4,3.59,3.85,2.53,1.72,1.99,1.06,0.17,0.75,0.09,0.16
user_18,2,2016-04-17,location,1,4,3.59,3.85,2.53,1.72,1.99,1.06,0.17,0.75,0.09,0.16
user_19,2,2017-04-28,food,1,3,3.46,2.63,3.41,2.68,1.91,0.64,0.55,0.14,1.76,2.37
user_19,2,2017-04-28,service,1,3,3.46,2.63,3.41,2.68,1.91,0.64,0.55,0.14,1.76,2.37
user_19,2,2017-04-28,ambience,1,3,3.46,2.63,3.41,2.68,1.91,0.64,0.55,0.14,1.76,2.37
user_19,2,2017-04-28,price,1,3,3.46,2.63,3.41,2.68,1.91,0.64,0.55,0.14,1.76,2.37
user_19,2,2017-04-28,location,0,3,3.46,2.63,3.41,2.68,1.91,0.64,0.55,0.14,1.76,2.37
user_20,3,2015-10-01,food,1,4,2.86,2.18,2.16,2.79,2.39,1.24,0.81,0.77,1.2,1.16
user_20,3,2015-10-01,service,1,4,2.86,2.18,2.16,2.79,2.39,1.24,0.81,0.77,1.2,1.16
user_20,3,2015-10-01,ambience,1,4,2.86,2.18,2.16,2.79,2.39,1.24,0.81,0.77,1.2,1.16
user_20,3,2015-10-01,price,0,4,2.86,2.18,2.16,2.79,2.39,1.24,0.81,0.77,1.2,1.16
user_20,3,2015-10-01,location,1,4,2.86,2.18,2.16,2.79,2.39,1.24,0.81,0.77,1.2,1.16
user_21,1,2016-03-25,food,1,1,3.51,2.96,3.02,2.6,2.34,0.88,0.77,1.01,1.06,1.15
user_21,1,2016-03-25,service,1,1,3.51,2.96,3.02,2.6,2.34,0.88,0.77,1.01,1.06,1.15
user_21,1,2016-03-25,ambience,1,1,3.51,2.96,3.02,2.6,2.34,0.88,0.77,1.01,1.06,1.15
user_21,1,2016-03-25,price,0,1,3.51,2.96,3.02,2.6,2.34,0.88,0.77,1.01,1.06,1.15
user_21,1,2016-03-25,location,1,1,3.51,2.96,3.02,2.6,2.34,0.88,0.77,1.01,1.06,1.15
user_22,5,2016-06-05,food,1,1,3.4,2.51,1.01,2.61,2.22,1.67,0.43,0.71,0.58,0.27
user_22,5,2016-06-05,service,1,1,3.4,2.51,1.01,2.61,2.22,1.67,0.43,0.71,0.58,0.27
user_22,5,2016-06-05,ambience,0,1,3.4,2.51,1.01,2.61,2.22,1.67,0.43,0.71,0.58,0.27
user_22,5,2016-06-05,price,0,1,3.4,2.51,1.01,2.61,2.22,1.67,0.43,0.71,0.58,0.27
user_22,5,2016-06-05,location,1,1,3.4,2.51,1.01,2.61,2.22,1.67,0.43,0.71,0.58,0.27
user_23,2,2015-03-18,food,1,1,4.0,2.53,2.97,2.84,1.95,1.3,0.5,0.57,1.77,1.46
user_23,2,2015-03-18,service,1,1,4.0,2.53,2.97,2.84,1.95,1.3,0.5,0.57,1.77,1.46
user_23,2,2015-03-18,ambience,1,1,4.0,2.53,2.97,2.84,1.95,1.3,0.5,0.57,1.77,1.46
user_23,2,2015-03-18,price,1,1,4.0,2.53,2.97,2.84,1.95,1.3,0.5,0.57,1.77,1.46
user_23,2,2015-03-18,location,0,1,4.0,2.53,2.97,2.84,1.95,1.3,0.5,0.57,1.77,1.46
user_24,5,2019-08-31,food,0,3,2.81,1.64,2.0,2.11,3.72,0.82,0.44,1.43,0.97,0.69
user_24,5,2019-08-31,service,1,3,2.81,1.64,2.0,2.11,3.72,0.82,0.44,1.43,0.97,0.69
user_24,5,2019-08-31,ambience,1,3,2.81,1.64,2.0,2.11,3.72,0.82,0.44,1.43,0.97,0.69
user_24,5,2019-08-31,price,1,3,2.81,1.64,2.0,2.11,3.72,0.82,0.44,1.43,0.97,0.69
user_24,5,2019-08-31,location,1,3,2.81,1.64,2.0,2.11,3.72,0.82,0.44,1.43,0.97,0.69
user_25,2,2018-03-01,food,-1,1,4.51,3.72,3.41,2.52,2.73,0.36,0.62,1.88,0.73,1.32
user_25,2,2018-03-01,service,1,1,4.51,3.72,3.41,2.52,2.73,0.36,0.62,1.88,0.73,1.32
user_25,2,2018-03-01,ambience,1,1,4.51,3.72,3.41,2.52,2.73,0.36,0.62,1.88,0.73,1.32
user_25,2,2018-03-01,price,0,1,4.51,3.72,3.41,2.52,2.73,0.36,0.62,1.88,0.73,1.32
user_25,2,2018-03-01,location,1,1,4.51,3.72,3.41,2.52,2.73,0.36,0.62,1.88,0.73,1.32
user_26,5,2017-02-22,food,0,0,3.47,1.77,3.23,1.83,2.31,0.2,1.17,0.58,0.62,0.4
user_26,5,2017-02-22,service,1,0,3.47,1.77,3.23,1.83,2.31,0.2,1.17,0.58,0.62,0.4
user_26,5,2017-02-22,ambience,1,0,3.47,1.77,3.23,1.83,2.31,0.2,1.17,0.58,0.62,0.4
user_26,5,2017-02-22,price,-1,0,3.47,1.77,3.23,1.83,2.31,0.2,1.17,0.58,0.62,0.4
user_26,5,2017-02-22,location,1,0,3.47,1.77,3.23,1.83,2.31,0.2,1.17,0.58,0.62,0.4
user_27,2,2018-05-13,food,1,4,4.54,3.39,3.19,2.5,1.96,0.25,0.61,0.52,2.21,1.33
user_27,2,2018-05-13,service,1,4,4.54,3.39,3.19,2.5,1.96,0.25,0.61,0.52,2.21,1.33
user_27,2,2018-05-13,ambience,0,4,4.54,3.39,3.19,2.5,1.96,0.25,0.61,0.52,2.21,1.33
user_27,2,2018-05-13,price,-1,4,4.54,3.39,3.19,2.5,1.96,0.25,0.61,0.52,2.21,1.33
user_27,2,2018-05-13,location,1,4,4.54,3.39,3.19,2.5,1.96,0.25,0.61,0.52,2.21,1.33
user_28,1,2016-12-30,food,0,4,3.33,2.28,3.27,1.69,1.24,0.4,0.61,1.22,0.76,0.31
user_28,1,2016-12-30,service,0,4,3.33,2.28,3.27,1.69,1.24,0.4,0.61,1.22,0.76,0.31
user_28,1,2016-12-30,ambience,0,4,3.33,2.28,3.27,1.69,1.24,0.4,0.61,1.22,0.76,0.31
user_28,1,2016-12-30,price,1,4,3.33,2.28,3.27,1.69,1.24,0.4,0.61,1.22,0.76,0.31
user_28,1,2016-12-30,location,1,4,3.33,2.28,3.27,1.69,1.24,0.4,0.61,1.22,0.76,0.31
user_29,4,2016-06-30,food,-1,1,3.42,3.46,2.34,1.96,3.46,1.56,1.45,1.25,0.55,0.55
user_29,4,2016-06-30,service,1,1,3.42,3.46,2.34,1.96,3.46,1.56,1.45,1.25,0.55,0.55
user_29,4,2016-06-30,ambience,0,1,3.42,3.46,2.34,1.96,3.46,1.56,1.45,1.25,0.55,0.55
user_29,4,2016-06-30,price,0,1,3.42,3.46,2.34,1.96,3.46,1.56,1.45,1.25,0.55,0.55
user_29,4,2016-06-30,location,1,1,3.42,3.46,2.34,1.96,3.46,1.56,1.45,1.25,0.55,0.55
user_30,5,2019-03-07,food,0,0,3.2,2.67,3.83,3.06,2.54,0.37,1.06,1.29,0.5,1.48
user_30,5,2019-03-07,service,-1,0,3.2,2.67,3.83,3.06,2.54,0.37,1.06,1.29,0.5,1.48
user_30,5,2019-03-07,ambience,-1,0,3.2,2.67,3.83,3.06,2.54,0.37,1.06,1.29,0.5,1.48
user_30,5,2019-03-07,price,1,0,3.2,2.67,3.83,3.06,2.54,0.37,1.06,1.29,0.5,1.48
user_30,5,2019-03-07,location,1,0,3.2,2.67,3.83,3.06,2.54,0.37,1.06,1.29,0.5,1.48
user_31,5,2018-07-27,food,0,4,3.07,2.02,3.04,2.78,0.88,0.54,1.5,1.06,1.39,0.55
user_31,5,2018-07-27,service,1,4,3.07,2.02,3.04,2.78,0.88,0.54,1.5,1.06,1.39,0.55
user_31,5,2018-07-27,ambience,1,4,3.07,2.02,3.04,2.78,0.88,0.54,1.5,1.06,1.39,0.55
user_31,5,2018-07-27,price,1,4,3.07,2.02,3.04,2.78,0.88,0.54,1.5,1.06,1.39,0.55
user_31,5,2018-07-27,location,1,4,3.07,2.02,3.04,2.78,0.88,0.54,1.5,1.06,1.39,0.55
user_32,2,2019-02-04,food,0,3,2.5,2.58,2.39,1.99,1.25,0.84,0.4,1.28,0.54,0.88
user_32,2,2019-02-04,service,1,3,2.5,2.58,2.39,1.99,1.25,0.84,0.4,1.28,0.54,0.88
user_32,2,2019-02-04,ambience,1,3,2.5,2.58,2.39,1.99,1.25,0.84,0.4,1.28,0.54,0.88
user_32,2,2019-02-04,price,1,3,2.5,2.58,2.39,1.99,1.25,0.84,0.4,1.28,0.54,0.88
user_32,2,2019-02-04,location,1,3,2.5,2.58,2.39,1.99,1.25,0.84,0.4,1.28,0.54,0.88
user_33,3,2015-04-15,food,1,0,1.95,2.97,1.85,3.9,2.74,0.74,0.14,0.95,1.44,0.51
user_33,3,2015-04-15,service,0,0,1.95,2.97,1.85,3.9,2.74,0.74,0.14,0.95,1.44,0.51
user_33,3,2015-04-15,ambience,1,0,1.95,2.97,1.85,3.9,2.74,0.74,0.14,0.95,1.44,0.51
user_33,3,2015-04-15,price,0,0,1.95,2.97,1.85,3.9,2.74,0.74,0.14,0.95,1.44,0.51
user_33,3,2015-04-15,location,1,0,1.95,2.97,1.85,3.9,2.74,0.74,0.14,0.95,1.44,0.51
user_34,4,2015-09-19,food,1,2,3.6,3.62,3.24,3.1,3.06,1.49,0.47,0.92,1.51,1.17
user_34,4,2015-09-19,service,1,2,3.6,3.62,3.24,3.1,3.06,1.49,0.47,0.92,1.51,1.17
user_34,4,2015-09-19,ambience,-1,2,3.6,3.62,3.24,3.1,3.06,1.49,0.47,0.92,1.51,1.17
user_34,4,2015-09-19,price,1,2,3.6,3.62,3.24,3.1,3.06,1.49,0.47,0.92,1.51,1.17
user_34,4,2015-09-19,location,1,2,3.6,3.62,3.24,3.1,3.06,1.49,0.47,0.92,1.51,1.17
user_35,4,2015-08-26,food,-1,2,4.93,1.46,2.58,2.09,1.45,0.42,0.76,0.25,1.41,1.17
user_35,4,2015-08-26,service,0,2,4.93,1.46,2.58,2.09,1.45,0.42,0.76,0.25,1.41,1.17
user_35,4,2015-08-26,ambience,0,2,4.93,1.46,2.58,2.09,1.45,0.42,0.76,0.25,1.41,1.17
user_35,4,2015-08-26,price,1,2,4.93,1.46,2.58,2.09,1.45,0.42,0.76,0.25,1.41,1.17
user_35,4,2015-08-26,location,1,2,4.93,1.46,2.58,2.09,1.45,0.42,0.76,0.25,1.41,1.17
user_36,1,2018-07-10,food,1,4,3.02,2.53,3.0,3.0,3.05,1.25,1.24,0.93,1.82,1.35
user_36,1,2018-07-10,service,1,4,3.02,2.53,3.0,3.0,3.05,1.25,1.24,0.93,1.82,1.35
user_36,1,2018-07-10,ambience,-1,4,3.02,2.53,3.0,3.0,3.05,1.25,1.24,0.93,1.82,1.35
user_36,1,2018-07-10,price,1,4,3.02,2.53,3.0,3.0,3.05,1.25,1.24,0.93,1.82,1.35
user_36,1,2018-07-10,location,1,4,3.02,2.53,3.0,3.0,3.05,1.25,1.24,0.93,1.82,1.35
user_37,3,2016-04-18,food,0,2,4.32,1.41,3.89,2.45,2.76,0.28,0.46,0.55,0.73,0.39
user_37,3,2016-04-18,service,1,2,4.32,1.41,3.89,2.45,2.76,0.28,0.46,0.55,0.73,0.39
user_37,3,2016-04-18,ambience,1,2,4.32,1.41,3.89,2.45,2.76,0.28,0.46,0.55,0.73,0.39
user_37,3,2016-04-18,price,1,2,4.32,1.41,3.89,2.45,2.76,0.28,0.46,0.55,0.73,0.39
user_37,3,2016-04-18,location,1,2,4.32,1.41,3.89,2.45,2.76,0.28,0.46,0.55,0.73,0.39
user_38,1,2016-05-16,food,1,4,4.07,1.35,2.51,1.84,2.21,0.46,0.33,0.82,1.26,0.39
user_38,1,2016-05-16,service,0,4,4.07,1.35,2.51,1.84,2.21,0.46,0.33,0.82,1.26,0.39
user_38,1,2016-05-16,ambience,1,4,4.07,1.35,2.51,1.84,2.21,0.46,0.33,0.82,1.26,0.39
user_38,1,2016-05-16,price,1,4,4.07,1.35,2.51,1.84,2.21,0.46,0.33,0.82,1.26,0.39
user_38,1,2016-05-16,location,1,4,4.07,1.35,2.51,1.84,2.21,0.46,0.33,0.82,1.26,0.39
user_39,1,2015-06-28,food,1,4,2.84,2.52,3.96,2.32,2.24,0.44,0.54,0.22,0.16,0.88
user_39,1,2015-06-28,service,0,4,2.84,2.52,3.96,2.32,2.24,0.44,0.54,0.22,0.16,0.88
user_39,1,2015-06-28,ambience,1,4,2.84,2.52,3.96,2.32,2.24,0.44,0.54,0.22,0.16,0.88
user_39,1,2015-06-28,price,1,4,2.84,2.52,3.96,2.32,2.24,0.44,0.54,0.22,0.16,0.88
user_39,1,2015-06-28,location,1,4,2.84,2.52,3.96,2.32,2.24,0.44,0.54,0.22,0.16,0.88
user_40,2,2018-01-12,food,0,1,3.31,2.23,3.09,4.21,1.78,0.9,1.23,1.3,0.98,1.23
user_40,2,2018-01-12,service,1,1,3.31,2.23,3.09,4.21,1.78,0.9,1.23,1.3,0.98,1.23
user_40,2,2018-01-12,ambience,1,1,3.31,2.23,3.09,4.21,1.78,0.9,1.23,1.3,0.98,1.23
user_40,2,2018-01-12,price,0,1,3.31,2.23,3.09,4.21,1.78,0.9,1.23,1.3,0.98,1.23
user_40,2,2018-01-12,location,0,1,3.31,2.23,3.09,4.21,1.78,0.9,1.23,1.3,0.98,1.23
user_41,5,2019-05-27,food,-1,0,2.7,3.02,2.45,1.81,1.85,0.28,0.75,0.78,1.08,0.44
user_41,5,2019-05-27,service,0,0,2.7,3.02,2.45,1.81,1.85,0.28,0.75,0.78,1.08,0.44
user_41,5,2019-05-27,ambience,1,0,2.7,3.02,2.45,1.81,1.85,0.28,0.75,0.78,1.08,0.44
user_41,5,2019-05-27,price,-1,0,2.7,3.02,2.45,1.81,1.85,0.28,0.75,0.78,1.08,0.44
user_41,5,2019-05-27,location,1,0,2.7,3.02,2.45,1.81,1.85,0.28,0.75,0.78,1.08,0.44
user_42,4,2015-09-11,food,1,4,2.74,3.15,4.1,1.59,1.52,1.29,0.12,1.39,1.07,0.81
user_42,4,2015-09-11,service,1,4,2.74,3.15,4.1,1.59,1.52,1.29,0.12,1.39,1.07,0.81
user_42,4,2015-09-11,ambience,-1,4,2.74,3.15,4.1,1.59,1.52,1.29,0.12,1.39,1.07,0.81
user_42,4,2015-09-11,price,1,4,2.74,3.15,4.1,1.59,1.52,1.29,0.12,1.39,1.07,0.81
user_42,4,2015-09-11,location,1,4,2.74,3.15,4.1,1.59,1.52,1.29,0.12,1.39,1.07,0.81
user_43,1,2015-10-07,food,-1,2,3.14,2.63,2.5,3.34,2.54,0.96,0.87,0.53,1.21,0.87
user_43,1,2015-10-07,service,1,2,3.14,2.63,2.5,3.34,2.54,0.96,0.87,0.53,1.21,0.87
user_43,1,2015-10-07,ambience,1,2,3.14,2.63,2.5,3.34,2.54,0.96,0.87,0.53,1.21,0.87
user_43,1,2015-10-07,price,1,2,3.14,2.63,2.5,3.34,2.54,0.96,0.87,0.53,1.21,0.87
user_43,1,2015-10-07,location,1,2,3.14,2.63,2.5,3.34,2.54,0.96,0.87,0.53,1.21,0.87
user_44,4,2017-12-10,food,0,2,4.02,2.65,3.02,3.33,1.79,0.16,0.57,0.65,1.29,1.74
user_44,4,2017-12-10,service,1,2,4.02,2.65,3.02,3.33,1.79,0.16,0.57,0.65,1.29,1.74
user_44,4,2017-12-10,ambience,1,2,4.02,2.65,3.02,3.33,1.79,0.16,0.57,0.65,1.29,1.74
user_44,4,2017-12-10,price,1,2,4.02,2.65,3.02,3.33,1.79,0.16,0.57,0.65,1.29,1.74
user_44,4,2017-12-10,location,1,2,4.02,2.65,3.02,3.33,1.79,0.16,0.57,0.65,1.29,1.74
user_45,3,2017-01-09,food,1,1,3.46,2.94,3.04,1.62,1.43,1.42,0.72,0.05,0.58,1.15
user_45,3,2017-01-09,service,-1,1,3.46,2.94,3.04,1.62,1.43,1.42,0.72,0.05,0.58,1.15
user_45,3,2017-01-09,ambience,0,1,3.46,2.94,3.04,1.62,1.43,1.42,0.72,0.05,0.58,1.15
user_45,3,2017-01-09,price,0,1,3.46,2.94,3.04,1.62,1.43,1.42,0.72,0.05,0.58,1.15
user_45,3,2017-01-09,location,1,1,3.46,2.94,3.04,1.62,1.43,1.42,0.72,0.05,0.58,1.15
user_46,5,2018-06-02,food,-1,2,3.98,3.69,2.47,3.54,2.13,0.99,0.64,0.32,2.09,0.39
user_46,5,2018-06-02,service,0,2,3.98,3.69,2.47,3.54,2.13,0.99,0.64,0.32,2.09,0.39
user_46,5,2018-06-02,ambience,1,2,3.98,3.69,2.47,3.54,2.13,0.99,0.64,0.32,2.09,0.39
user_46,5,2018-06-02,price,1,2,3.98,3.69,2.47,3.54,2.13,0.99,0.64,0.32,2.09,0.39
user_46,5,2018-06-02,location,1,2,3.98,3.69,2.47,3.54,2.13,0.99,0.64,0.32,2.09,0.39
user_47,3,2019-02-11,food,1,1,3.03,3.62,2.98,3.19,2.05,0.61,1.09,0.13,1.66,0.58
user_47,3,2019-02-11,service,1,1,3.03,3.62,2.98,3.19,2.05,0.61,1.09,0.13,1.66,0.58
user_47,3,2019-02-11,ambience,1,1,3.03,3.62,2.98,3.19,2.05,0.61,1.09,0.13,1.66,0.58
user_47,3,2019-02-11,price,1,1,3.03,3.62,2.98,3.19,2.05,0.61,1.09,0.13,1.66,0.58
user_47,3,2019-02-11,location,1,1,3.03,3.62,2.98,3.19,2.05,0.61,1.09,0.13,1.66,0.58
user_48,1,2019-04-28,food,0,4,4.18,2.24,2.92,3.35,1.96,1.06,0.87,1.14,1.88,0.86
user_48,1,2019-04-28,service,1,4,4.18,2.24,2.92,3.35,1.96,1.06,0.87,1.14,1.88,0.86
user_48,1,2019-04-28,ambience,1,4,4.18,2.24,2.92,3.35,1.96,1.06,0.87,1.14,1.88,0.86
user_48,1,2019-04-28,price,1,4,4.18,2.24,2.92,3.35,1.96,1.06,0.87,1.14,1.88,0.86
user_48,1,2019-04-28,location,1,4,4.18,2.24,2.92,3.35,1.96,1.06,0.87,1.14,1.88,0.86
user_49,4,2018-08-04,food,1,0,2.83,1.83,2.39,1.75,2.14,0.36,0.07,0.13,1.6,1.03
user_49,4,2018-08-04,service,-1,0,2.83,1.83,2.39,1.75,2.14,0.36,0.07,0.13,1.6,1.03
user_49,4,2018-08-04,ambience,-1,0,2.83,1.83,2.39,1.75,2.14,0.36,0.07,0.13,1.6,1.03
user_49,4,2018-08-04,price,0,0,2.83,1.83,2.39,1.75,2.14,0.36,0.07,0.13,1.6,1.03
user_49,4,2018-08-04,location,1,0,2.83,1.83,2.39,1.75,2.14,0.36,0.07,0.13,1.6,1.03
user_50,4,2017-09-20,food,-1,0,3.23,3.87,1.92,3.94,2.28,0.36,0.72,1.18,0.93,1.46
user_50,4,2017-09-20,service,-1,0,3.23,3.87,1.92,3.94,2.28,0.36,0.72,1.18,0.93,1.46
user_50,4,2017-09-20,ambience,1,0,3.23,3.87,1.92,3.94,2.28,0.36,0.72,1.18,0.93,1.46
user_50,4,2017-09-20,price,1,0,3.23,3.87,1.92,3.94,2.28,0.36,0.72,1.18,0.93,1.46
user_50,4,2017-09-20,location,1,0,3.23,3.87,1.92,3.94,2.28,0.36,0.72,1.18,0.93,1.46
user_51,3,2017-02-18,food,1,1,2.77,2.59,2.01,1.94,1.39,1.42,0.13,0.75,1.08,1.55
user_51,3,2017-02-18,service,0,1,2.77,2.59,2.01,1.94,1.39,1.42,0.13,0.75,1.08,1.55
user_51,3,2017-02-18,ambience,1,1,2.77,2.59,2.01,1.94,1.39,1.42,0.13,0.75,1.08,1.55
user_51,3,2017-02-18,price,1,1,2.77,2.59,2.01,1.94,1.39,1.42,0.13,0.75,1.08,1.55
user_51,3,2017-02-18,location,1,1,2.77,2.59,2.01,1.94,1.39,1.42,0.13,0.75,1.08,1.55
user_52,5,2017-07-07,food,1,4,4.96,3.48,3.93,3.06,3.61,1.01,0.13,0.72,1.25,0.74
user_52,5,2017-07-07,service,1,4,4.96,3.48,3.93,3.06,3.61,1.01,0.13,0.72,1.25,0.74
user_52,5,2017-07-07,ambience,1,4,4.96,3.48,3.93,3.06,3.61,1.01,0.13,0.72,1.25,0.74
user_52,5,2017-07-07,price,0,4,4.96,3.48,3.93,3.06,3.61,1.01,0.13,0.72,1.25,0.74
user_52,5,2017-07-07,location,1,4,4.96,3.48,3.93,3.06,3.61,1.01,0.13,0.72,1.25,0.74
user_53,2,2015-01-10,food,1,4,3.07,3.13,3.7,1.23,2.67,1.03,1.24,1.56,1.45,0.95
user_53,2,2015-01-10,service,1,4,3.07,3.13,3.7,1.23,2.67,1.03,1.24,1.56,1.45,0.95
user_53,2,2015-01-10,ambience,-1,4,3.07,3.13,3.7,1.23,2.67,1.03,1.24,1.56,1.45,0.95
user_53,2,2015-01-10,price,0,4,3.07,3.13,3.7,1.23,2.67,1.03,1.24,1.56,1.45,0.95
user_53,2,2015-01-10,location,1,4,3.07,3.13,3.7,1.23,2.67,1.03,1.24,1.56,1.45,0.95
user_54,3,2019-03-28,food,1,1,2.91,3.08,3.23,3.38,2.73,0.38,0.65,0.63,0.05,0.53
user_54,3,2019-03-28,service,1,1,2.91,3.08,3.23,3.38,2.73,0.38,0.65,0.63,0.05,0.53
user_54,3,2019-03-28,ambience,1,1,2.91,3.08,3.23,3.38,2.73,0.38,0.65,0.63,0.05,0.53
user_54,3,2019-03-28,price,1,1,2.91,3.08,3.23,3.38,2.73,0.38,0.65,0.63,0.05,0.53
user_54,3,2019-03-28,location,1,1,2.91,3.08,3.23,3.38,2.73,0.38,0.65,0.63,0.05,0.53
user_55,5,2017-09-14,food,1,0,2.65,3.7,2.41,2.1,3.58,0.61,0.02,0.57,0.41,0.35
user_55,5,2017-09-14,service,1,0,2.65,3.7,2.41,2.1,3.58,0.61,0.02,0.57,0.41,0.35
user_55,5,2017-09-14,ambience,1,0,2.65,3.7,2.41,2.1,3.58,0.61,0.02,0.57,0.41,0.35
user_55,5,2017-09-14,price,1,0,2.65,3.7,2.41,2.1,3.58,0.61,0.02,0.57,0.41,0.35
user_55,5,2017-09-14,location,1,0,2.65,3.7,2.41,2.1,3.58,0.61,0.02,0.57,0.41,0.35
user_56,3,2016-11-29,food,1,0,2.5,3.16,2.27,2.25,2.99,0.66,1.07,0.83,0.89,1.25
user_56,3,2016-11-29,service,1,0,2.5,3.16,2.27,2.25,2.99,0.66,1.07,0.83,0.89,1.25
user_56,3,2016-11-29,ambience,1,0,2.5,3.16,2.27,2.25,2.99,0.66,1.07,0.83,0.89,1.25
user_56,3,2016-11-29,price,1,0,2.5,3.16,2.27,2.25,2.99,0.66,1.07,0.83,0.89,1.25
user_56,3,2016-11-29,location,1,0,2.5,3.16,2.27,2.25,2.99,0.66,1.07,0.83,0.89,1.25
user_57,3,2018-03-27,food,0,1,2.48,2.06,3.03,2.48,2.73,1.41,0.45,0.95,1.04,1.95
user_57,3,2018-03-27,service,1,1,2.48,2.06,3.03,2.48,2.73,1.41,0.45,0.95,1.04,1.95
user_57,3,2018-03-27,ambience,1,1,2.48,2.06,3.03,2.48,2.73,1.41,0.45,0.95,1.04,1.95
user_57,3,2018-03-27,price,1,1,2.48,2.06,3.03,2.48,2.73,1.41,0.45,0.95,1.04,1.95
user_57,3,2018-03-27,location,1,1,2.48,2.06,3.03,2.48,2.73,1.41,0.45,0.95,1.04,1.95
user_58,4,2017-06-28,food,1,3,4.13,3.94,2.4,3.02,1.46,0.4,1.16,0.07,2.1,0.44
user_58,4,2017-06-28,service,0,3,4.13,3.94,2.4,3.02,1.46,0.4,1.16,0.07,2.1,0.44
user_58,4,2017-06-28,ambience,1,3,4.13,3.94,2.4,3.02,1.46,0.4,1.16,0.07,2.1,0.44
user_58,4,2017-06-28,price,1,3,4.13,3.94,2.4,3.02,1.46,0.4,1.16,0.07,2.1,0.44
user_58,4,2017-06-28,location,1,3,4.13,3.94,2.4,3.02,1.46,0.4,1.16,0.07,2.1,0.44
user_59,2,2015-03-09,food,1,3,4.1,2.58,2.57,1.95,2.21,0.57,0.7,0.06,0.26,0.34
user_59,2,2015-03-09,service,0,3,4.1,2.58,2.57,1.95,2.21,0.57,0.7,0.06,0.26,0.34
user_59,2,2015-03-09,ambience,1,3,4.1,2.58,2.57,1.95,2.21,0.57,0.7,0.06,0.26,0.34
user_59,2,2015-03-09,price,1,3,4.1,2.58,2.57,1.95,2.21,0.57,0.7,0.06,0.26,0.34
user_59,2,2015-03-09,location,0,3,4.1,2.58,2.57,1.95,2.21,0.57,0.7,0.06,0.26,0.34
user_60,4,2018-10-23,food,1,4,3.34,3.62,3.53,2.02,2.18,1.1,0.36,0.73,1.07,0.41
user_60,4,2018-10-23,service,1,4,3.34,3.62,3.53,2.02,2.18,1.1,0.36,0.73,1.07,0.41
user_60,4,2018-10-23,ambience,1,4,3.34,3.62,3.53,2.02,2.18,1.1,0.36,0.73,1.07,0.41
user_60,4,2018-10-23,price,1,4,3.34,3.62,3.53,2.02,2.18,1.1,0.36,0.73,1.07,0.41
user_60,4,2018-10-23,location,1,4,3.34,3.62,3.53,2.02,2.18,1.1,0.36,0.73,1.07,0.41
user_61,3,2017-06-02,food,1,1,2.13,2.28,2.99,1.49,1.24,0.56,0.13,0.44,1.83,0.1
user_61,3,2017-06-02,service,1,1,2.13,2.28,2.99,1.49,1.24,0.56,0.13,0.44,1.83,0.1
user_61,3,2017-06-02,ambience,1,1,2.13,2.28,2.99,1.49,1.24,0.56,0.13,0.44,1.83,0.1
user_61,3,2017-06-02,price,1,1,2.13,2.28,2.99,1.49,1.24,0.56,0.13,0.44,1.83,0.1
user_61,3,2017-06-02,location,0,1,2.13,2.28,2.99,1.49,1.24,0.56,0.13,0.44,1.83,0.1
user_62,4,2016-10-18,food,1,2,3.76,2.79,3.07,2.66,1.35,1.24,0.55,1.28,0.9,1.99
user_62,4,2016-10-18,service,0,2,3.76,2.79,3.07,2.66,1.35,1.24,0.55,1.28,0.9,1.99
user_62,4,2016-10-18,ambience,-1,2,3.76,2.79,3.07,2.66,1.35,1.24,0.55,1.28,0.9,1.99
user_62,4,2016-10-18,price,1,2,3.76,2.79,3.07,2.66,1.35,1.24,0.55,1.28,0.9,1.99
user_62,4,2016-10-18,location,1,2,3.76,2.79,3.07,2.66,1.35,1.24,0.55,1.28,0.9,1.99
user_63,5,2019-01-06,food,1,3,3.99,4.26,2.82,2.45,2.63,1.31,1.24,0.62,1.52,0.55
user_63,5,2019-01-06,service,0,3,3.99,4.26,2.82,2.45,2.63,1.31,1.24,0.62,1.52,0.55
user_63,5,2019-01-06,ambience,1,3,3.99,4.26,2.82,2.45,2.63,1.31,1.24,0.62,1.52,0.55
user_63,5,2019-01-06,price,1,3,3.99,4.26,2.82,2.45,2.63,1.31,1.24,0.62,1.52,0.55
user_63,5,2019-01-06,location,0,3,3.99,4.26,2.82,2.45,2.63,1.31,1.24,0.62,1.52,0.55
user_64,5,2017-12-06,food,1,3,3.56,2.36,2.56,3.54,1.09,0.91,0.64,0.32,0.78,1.0
user_64,5,2017-12-06,service,-1,3,3.56,2.36,2.56,3.54,1.09,0.91,0.64,0.32,0.78,1.0
user_64,5,2017-12-06,ambience,-1,3,3.56,2.36,2.56,3.54,1.09,0.91,0.64,0.32,0.78,1.0
user_64,5,2017-12-06,price,1,3,3.56,2.36,2.56,3.54,1.09,0.91,0.64,0.32,0.78,1.0
user_64,5,2017-12-06,location,1,3,3.56,2.36,2.56,3.54,1.09,0.91,0.64,0.32,0.78,1.0
user_65,1,2019-07-02,food,0,2,2.87,3.59,3.95,1.95,1.23,0.7,0.8,0.57,0.1,0.97
user_65,1,2019-07-02,service,0,2,2.87,3.59,3.95,1.95,1.23,0.7,0.8,0.57,0.1,0.97
user_65,1,2019-07-02,ambience,1,2,2.87,3.59,3.95,1.95,1.23,0.7,0.8,0.57,0.1,0.97
user_65,1,2019-07-02,price,0,2,2.87,3.59,3.95,1.95,1.23,0.7,0.8,0.57,0.1,0.97
user_65,1,2019-07-02,location,-1,2,2.87,3.59,3.95,1.95,1.23,0.7,0.8,0.57,0.1,0.97
user_66,2,2019-09-09,food,1,1,4.6,2.81,2.68,3.8,2.47,1.02,0.61,1.79,1.32,1.54
user_66,2,2019-09-09,service,1,1,4.6,2.81,2.68,3.8,2.47,1.02,0.61,1.79,1.32,1.54
user_66,2,2019-09-09,ambience,-1,1,4.6,2.81,2.68,3.8,2.47,1.02,0.61,1.79,1.32,1.54
user_66,2,2019-09-09,price,0,1,4.6,2.81,2.68,3.8,2.47,1.02,0.61,1.79,1.32,1.54
user_66,2,2019-09-09,location,0,1,4.6,2.81,2.68,3.8,2.47,1.02,0.61,1.79,1.32,1.54
user_67,2,2016-05-03,food,1,2,3.84,3.44,2.47,2.14,2.71,0.51,0.61,0.52,1.56,0.37
user_67,2,2016-05-03,service,-1,2,3.84,3.44,2.47,2.14,2.71,0.51,0.61,0.52,1.56,0.37
user_67,2,2016-05-03,ambience,1,2,3.84,3.44,2.47,2.14,2.71,0.51,0.61,0.52,1.56,0.37
user_67,2,2016-05-03,price,1,2,3.84,3.44,2.47,2.14,2.71,0.51,0.61,0.52,1.56,0.37
user_67,2,2016-05-03,location,1,2,3.84,3.44,2.47,2.14,2.71,0.51,0.61,0.52,1.56,0.37
user_68,5,2019-04-14,food,1,1,4.13,3.18,2.27,2.57,1.51,0.54,0.42,0.2,2.33,0.15
user_68,5,2019-04-14,service,1,1,4.13,3.18,2.27,2.57,1.51,0.54,0.42,0.2,2.33,0.15
user_68,5,2019-04-14,ambience,1,1,4.13,3.18,2.27,2.57,1.51,0.54,0.42,0.2,2.33,0.15
user_68,5,2019-04-14,price,0,1,4.13,3.18,2.27,2.57,1.51,0.54,0.42,0.2,2.33,0.15
user_68,5,2019-04-14,location,1,1,4.13,3.18,2.27,2.57,1.51,0.54,0.42,0.2,2.33,0.15
user_69,1,2017-07-29,food,1,0,3.77,2.77,3.02,2.24,2.42,1.04,0.74,0.31,1.27,0.65
user_69,1,2017-07-29,service,1,0,3.77,2.77,3.02,2.24,2.42,1.04,0.74,0.31,1.27,0.65
user_69,1,2017-07-29,ambience,-1,0,3.77,2.77,3.02,2.24,2.42,1.04,0.74,0.31,1.27,0.65
user_69,1,2017-07-29,price,-1,0,3.77,2.77,3.02,2.24,2.42,1.04,0.74,0.31,1.27,0.65
user_69,1,2017-07-29,location,1,0,3.77,2.77,3.02,2.24,2.42,1.04,0.74,0.31,1.27,0.65
user_70,1,2017-02-24,food,-1,0,2.17,2.85,2.7,2.44,2.49,0.53,0.39,0.19,1.32,1.01
user_70,1,2017-02-24,service,1,0,2.17,2.85,2.7,2.44,2.49,0.53,0.39,0.19,1.32,1.01
user_70,1,2017-02-24,ambience,1,0,2.17,2.85,2.7,2.44,2.49,0.53,0.39,0.19,1.32,1.01
user_70,1,2017-02-24,price,1,0,2.17,2.85,2.7,2.44,2.49,0.53,0.39,0.19,1.32,1.01
user_70,1,2017-02-24,location,1,0,2.17,2.85,2.7,2.44,2.49,0.53,0.39,0.19,1.32,1.01
user_71,5,2016-03-22,food,-1,3,3.22,3.37,2.86,2.45,2.04,0.91,0.71,0.58,0.45,0.46
user_71,5,2016-03-22,service,0,3,3.22,3.37,2.86,2.45,2.04,0.91,0.71,0.58,0.45,0.46
user_71,5,2016-03-22,ambience,1,3,3.22,3.37,2.86,2.45,2.04,0.91,0.71,0.58,0.45,0.46
user_71,5,2016-03-22,price,1,3,3.22,3.37,2.86,2.45,2.04,0.91,0.71,0.58,0.45,0.46
user_71,5,2016-03-22,location,0,3,3.22,3.37,2.86,2.45,2.04,0.91,0.71,0.58,0.45,0.46
user_72,2,2015-12-28,food,1,0,3.73,3.79,2.66,1.83,2.63,1.21,1.0,0.96,1.67,0.08
user_72,2,2015-12-28,service,1,0,3.73,3.79,2.66,1.83,2.63,1.21,1.0,0.96,1.67,0.08
user_72,2,2015-12-28,ambience,1,0,3.73,3.79,2.66,1.83,2.63,1.21,1.0,0.96,1.67,0.08
user_72,2,2015-12-28,price,0,0,3.73,3.79,2.66,1.83,2.63,1.21,1.0,0.96,1.67,0.08
user_72,2,2015-12-28,location,1,0,3.73,3.79,2.66,1.83,2.63,1.21,1.0,0.96,1.67,0.08
user_73,3,2017-12-20,food,1,1,2.62,2.07,3.14,1.47,2.01,0.72,0.38,1.38,0.52,0.74
user_73,3,2017-12-20,service,0,1,2.62,2.07,3.14,1.47,2.01,0.72,0.38,1.38,0.52,0.74
user_73,3,2017-12-20,ambience,1,1,2.62,2.07,3.14,1.47,2.01,0.72,0.38,1.38,0.52,0.74
user_73,3,2017-12-20,price,1,1,2.62,2.07,3.14,1.47,2.01,0.72,0.38,1.38,0.52,0.74
user_73,3,2017-12-20,location,-1,1,2.62,2.07,3.14,1.47,2.01,0.72,0.38,1.38,0.52,0.74
user_74,1,2016-04-22,food,1,1,4.0,1.69,3.07,3.13,3.35,1.3,0.39,0.94,0.3,0.62
user_74,1,2016-04-22,service,1,1,4.0,1.69,3.07,3.13,3.35,1.3,0.39,0.94,0.3,0.62
user_74,1,2016-04-22,ambience,1,1,4.0,1.69,3.07,3.13,3.35,1.3,0.39,0.94,0.3,0.62
user_74,1,2016-04-22,price,0,1,4.0,1.69,3.07,3.13,3.35,1.3,0.39,0.94,0.3,0.62
user_74,1,2016-04-22,location,0,1,4.0,1.69,3.07,3.13,3.35,1.3,0.39,0.94,0.3,0.62
user_75,5,2015-09-25,food,-1,2,2.57,2.66,3.49,2.23,2.15,0.67,0.52,1.75,0.74,1.08
user_75,5,2015-09-25,service,1,2,2.57,2.66,3.49,2.23,2.15,0.67,0.52,1.75,0.74,1.08
user_75,5,2015-09-25,ambience,1,2,2.57,2.66,3.49,2.23,2.15,0.67,0.52,1.75,0.74,1.08
user_75,5,2015-09-25,price,1,2,2.57,2.66,3.49,2.23,2.15,0.67,0.52,1.75,0.74,1.08
user_75,5,2015-09-25,location,1,2,2.57,2.66,3.49,2.23,2.15,0.67,0.52,1.75,0.74,1.08
user_76,3,2016-05-03,food,1,0,3.35,1.92,2.78,3.12,0.9,0.17,0.22,1.18,1.38,1.0
user_76,3,2016-05-03,service,0,0,3.35,1.92,2.78,3.12,0.9,0.17,0.22,1.18,1.38,1.0
user_76,3,2016-05-03,ambience,1,0,3.35,1.92,2.78,3.12,0.9,0.17,0.22,1.18,1.38,1.0
user_76,3,2016-05-03,price,0,0,3.35,1.92,2.78,3.12,0.9,0.17,0.22,1.18,1.38,1.0
user_76,3,2016-05-03,location,1,0,3.35,1.92,2.78,3.12,0.9,0.17,0.22,1.18,1.38,1.0
user_77,3,2016-07-23,food,1,0,3.43,3.85,3.24,3.12,2.81,0.92,0.52,1.37,1.88,0.12
user_77,3,2016-07-23,service,1,0,3.43,3.85,3.24,3.12,2.81,0.92,0.52,1.37,1.88,0.12
user_77,3,2016-07-23,ambience,0,0,3.43,3.85,3.24,3.12,2.81,0.92,0.52,1.37,1.88,0.12
user_77,3,2016-07-23,price,0,0,3.43,3.85,3.24,3.12,2.81,0.92,0.52,1.37,1.88,0.12
user_77,3,2016-07-23,location,1,0,3.43,3.85,3.24,3.12,2.81,0.92,0.52,1.37,1.88,0.12
user_78,5,2019-02-25,food,1,4,2.35,4.2,2.45,3.3,1.76,0.26,0.13,0.38,0.66,0.91
user_78,5,2019-02-25,service,1,4,2.35,4.2,2.45,3.3,1.76,0.26,0.13,0.38,0.66,0.91
user_78,5,2019-02-25,ambience,1,4,2.35,4.2,2.45,3.3,1.76,0.26,0.13,0.38,0.66,0.91
user_78,5,2019-02-25,price,0,4,2.35,4.2,2.45,3.3,1.76,0.26,0.13,0.38,0.66,0.91
user_78,5,2019-02-25,location,1,4,2.35,4.2,2.45,3.3,1.76,0.26,0.13,0.38,0.66,0.91
user_79,5,2015-04-20,food,1,4,3.85,4.51,2.71,2.53,2.06,0.8,0.57,0.04,0.01,0.34
user_79,5,2015-04-20,service,1,4,3.85,4.51,2.71,2.53,2.06,0.8,0.57,0.04,0.01,0.34
user_79,5,2015-04-20,ambience,0,4,3.85,4.51,2.71,2.53,2.06,0.8,0.57,0.04,0.01,0.34
user_79,5,2015-04-20,price,1,4,3.85,4.51,2.71,2.53,2.06,0.8,0.57,0.04,0.01,0.34
user_79,5,2015-04-20,location,0,4,3.85,4.51,2.71,2.53,2.06,0.8,0.57,0.04,0.01,0.34
user_80,4,2017-03-29,food,1,4,2.6,3.37,2.31,3.38,3.32,1.71,1.14,0.55,1.05,0.49
user_80,4,2017-03-29,service,1,4,2.6,3.37,2.31,3.38,3.32,1.71,1.14,0.55,1.05,0.49
user_80,4,2017-03-29,ambience,0,4,2.6,3.37,2.31,3.38,3.32,1.71,1.14,0.55,1.05,0.49
user_80,4,2017-03-29,price,1,4,2.6,3.37,2.31,3.38,3.32,1.71,1.14,0.55,1.05,0.49
user_80,4,2017-03-29,location,-1,4,2.6,3.37,2.31,3.38,3.32,1.71,1.14,0.55,1.05,0.49
user_81,5,2015-03-08,food,1,3,4.07,3.85,3.42,2.38,2.64,0.22,0.07,1.16,0.93,2.21
user_81,5,2015-03-08,service,1,3,4.07,3.85,3.42,2.38,2.64,0.22,0.07,1.16,0.93,2.21
user_81,5,2015-03-08,ambience,1,3,4.07,3.85,3.42,2.38,2.64,0.22,0.07,1.16,0.93,2.21
user_81,5,2015-03-08,price,1,3,4.07,3.85,3.42,2.38,2.64,0.22,0.07,1.16,0.93,2.21
user_81,5,2015-03-08,location,1,3,4.07,3.85,3.42,2.38,2.64,0.22,0.07,1.16,0.93,2.21
user_82,4,2017-07-06,food,0,3,2.59,3.74,2.77,3.16,2.82,1.41,0.37,1.64,0.48,0.3
user_82,4,2017-07-06,service,1,3,2.59,3.74,2.77,3.16,2.82,1.41,0.37,1.64,0.48,0.3
user_82,4,2017-07-06,ambience,0,3,2.59,3.74,2.77,3.16,2.82,1.41,0.37,1.64,0.48,0.3
user_82,4,2017-07-06,price,0,3,2.59,3.74,2.77,3.16,2.82,1.41,0.37,1.64,0.48,0.3
user_82,4,2017-07-06,location,1,3,2.59,3.74,2.77,3.16,2.82,1.41,0.37,1.64,0.48,0.3
user_83,3,2018-06-15,food,1,4,3.37,3.66,2.76,3.17,2.56,0.4,1.18,0.19,1.78,0.68
user_83,3,2018-06-15,service,1,4,3.37,3.66,2.76,3.17,2.56,0.4,1.18,0.19,1.78,0.68
user_83,3,2018-06-15,ambience,0,4,3.37,3.66,2.76,3.17,2.56,0.4,1.18,0.19,1.78,0.68
user_83,3,2018-06-15,price,1,4,3.37,3.66,2.76,3.17,2.56,0.4,1.18,0.19,1.78,0.68
user_83,3,2018-06-15,location,1,4,3.37,3.66,2.76,3.17,2.56,0.4,1.18,0.19,1.78,0.68
user_84,5,2016-12-06,food,1,0,3.49,2.86,2.23,2.25,1.25,0.39,0.26,0.82,1.52,1.01
user_84,5,2016-12-06,service,1,0,3.49,2.86,2.23,2.25,1.25,0.39,0.26,0.82,1.52,1.01
user_84,5,2016-12-06,ambience,1,0,3.49,2.86,2.23,2.25,1.25,0.39,0.26,0.82,1.52,1.01
user_84,5,2016-12-06,price,1,0,3.49,2.86,2.23,2.25,1.25,0.39,0.26,0.82,1.52,1.01
user_84,5,2016-12-06,location,-1,0,3.49,2.86,2.23,2.25,1.25,0.39,0.26,0.82,1.52,1.01
user_85,5,2019-07-26,food,0,0,4.32,3.24,3.1,2.8,1.9,0.98,0.12,1.36,1.48,0.6
user_85,5,2019-07-26,service,0,0,4.32,3.24,3.1,2.8,1.9,0.98,0.12,1.36,1.48,0.6
user_85,5,2019-07-26,ambience,0,0,4.32,3.24,3.1,2.8,1.9,0.98,0.12,1.36,1.48,0.6
user_85,5,2019-07-26,price,1,0,4.32,3.24,3.1,2.8,1.9,0.98,0.12,1.36,1.48,0.6
user_85,5,2019-07-26,location,1,0,4.32,3.24,3.1,2.8,1.9,0.98,0.12,1.36,1.48,0.6
user_86,3,2017-11-15,food,1,1,3.98,1.43,2.33,1.44,2.7,1.08,0.89,0.02,1.04,1.18
user_86,3,2017-11-15,service,-1,1,3.98,1.43,2.33,1.44,2.7,1.08,0.89,0.02,1.04,1.18
user_86,3,2017-11-15,ambience,1,1,3.98,1.43,2.33,1.44,2.7,1.08,0.89,0.02,1.04,1.18
user_86,3,2017-11-15,price,-1,1,3.98,1.43,2.33,1.44,2.7,1.08,0.89,0.02,1.04,1.18
user_86,3,2017-11-15,location,1,1,3.98,1.43,2.33,1.44,2.7,1.08,0.89,0.02,1.04,1.18
user_87,5,2017-06-19,food,0,0,2.78,3.27,1.97,1.86,1.96,0.94,0.21,0.43,0.58,0.59
user_87,5,2017-06-19,service,1,0,2.78,3.27,1.97,1.86,1.96,0.94,0.21,0.43,0.58,0.59
user_87,5,2017-06-19,ambience,1,0,2.78,3.27,1.97,1.86,1.96,0.94,0.21,0.43,0.58,0.59
user_87,5,2017-06-19,price,1,0,2.78,3.27,1.97,1.86,1.96,0.94,0.21,0.43,0.58,0.59
user_87,5,2017-06-19,location,1,0,2.78,3.27,1.97,1.86,1.96,0.94,0.21,0.43,0.58,0.59
user_88,4,2018-09-25,food,1,3,2.97,2.81,3.04,2.39,2.69,1.02,0.19,0.16,1.72,0.29
user_88,4,2018-09-25,service,0,3,2.97,2.81,3.04,2.39,2.69,1.02,0.19,0.16,1.72,0.29
user_88,4,2018-09-25,ambience,0,3,2.97,2.81,3.04,2.39,2.69,1.02,0.19,0.16,1.72,0.29
user_88,4,2018-09-25,price,1,3,2.97,2.81,3.04,2.39,2.69,1.02,0.19,0.16,1.72,0.29
user_88,4,2018-09-25,location,1,3,2.97,2.81,3.04,2.39,2.69,1.02,0.19,0.16,1.72,0.29
user_89,5,2015-09-02,food,0,4,2.76,1.59,3.0,2.65,3.99,1.33,0.47,0.68,0.74,0.45
user_89,5,2015-09-02,service,1,4,2.76,1.59,3.0,2.65,3.99,1.33,0.47,0.68,0.74,0.45
user_89,5,2015-09-02,ambience,0,4,2.76,1.59,3.0,2.65,3.99,1.33,0.47,0.68,0.74,0.45
user_89,5,2015-09-02,price,1,4,2.76,1.59,3.0,2.65,3.99,1.33,0.47,0.68,0.74,0.45
user_89,5,2015-09-02,location,1,4,2.76,1.59,3.0,2.65,3.99,1.33,0.47,0.68,0.74,0.45
user_90,2,2016-11-27,food,-1,3,2.73,2.22,2.08,2.01,1.57,1.6,0.63,1.93,0.85,0.87
user_90,2,2016-11-27,service,1,3,2.73,2.22,2.08,2.01,1.57,1.6,0.63,1.93,0.85,0.87
user_90,2,2016-11-27,ambience,0,3,2.73,2.22,2.08,2.01,1.57,1.6,0.63,1.93,0.85,0.87
user_90,2,2016-11-27,price,1,3,2.73,2.22,2.08,2.01,1.57,1.6,0.63,1.93,0.85,0.87
user_90,2,2016-11-27,location,1,3,2.73,2.22,2.08,2.01,1.57,1.6,0.63,1.93,0.85,0.87
user_91,1,2019-11-05,food,1,0,3.17,2.37,2.16,3.62,3.99,0.12,0.22,0.74,0.55,0.76
user_91,1,2019-11-05,service,1,0,3.17,2.37,2.16,3.62,3.99,0.12,0.22,0.74,0.55,0.76
user_91,1,2019-11-05,ambience,0,0,3.17,2.37,2.16,3.62,3.99,0.12,0.22,0.74,0.55,0.76
user_91,1,2019-11-05,price,1,0,3.17,2.37,2.16,3.62,3.99,0.12,0.22,0.74,0.55,0.76
user_91,1,2019-11-05,location,1,0,3.17,2.37,2.16,3.62,3.99,0.12,0.22,0.74,0.55,0.76
user_92,1,2016-10-26,food,1,4,2.7,2.92,2.44,2.23,0.88,0.67,1.37,0.63,1.71,1.42
user_92,1,2016-10-26,service,1,4,2.7,2.92,2.44,2.23,0.88,0.67,1.37,0.63,1.71,1.42
user_92,1,2016-10-26,ambience,1,4,2.7,2.92,2.44,2.23,0.88,0.67,1.37,0.63,1.71,1.42
user_92,1,2016-10-26,price,1,4,2.7,2.92,2.44,2.23,0.88,0.67,1.37,0.63,1.71,1.42
user_92,1,2016-10-26,location,1,4,2.7,2.92,2.44,2.23,0.88,0.67,1.37,0.63,1.71,1.42
user_93,3,2019-04-08,food,1,3,4.57,3.56,3.05,3.25,0.78,0.71,1.44,1.19,2.08,1.3
user_93,3,2019-04-08,service,1,3,4.57,3.56,3.05,3.25,0.78,0.71,1.44,1.19,2.08,1.3
user_93,3,2019-04-08,ambience,1,3,4.57,3.56,3.05,3.25,0.78,0.71,1.44,1.19,2.08,1.3
user_93,3,2019-04-08,price,-1,3,4.57,3.56,3.05,3.25,0.78,0.71,1.44,1.19,2.08,1.3
user_93,3,2019-04-08,location,1,3,4.57,3.56,3.05,3.25,0.78,0.71,1.44,1.19,2.08,1.3
user_94,4,2019-10-23,food,1,1,4.26,3.38,3.22,2.54,3.29,1.2,0.93,1.05,0.75,0.16
user_94,4,2019-10-23,service,1,1,4.26,3.38,3.22,2.54,3.29,1.2,0.93,1.05,0.75,0.16
user_94,4,2019-10-23,ambience,-1,1,4.26,3.38,3.22,2.54,3.29,1.2,0.93,1.05,0.75,0.16
user_94,4,2019-10-23,price,-1,1,4.26,3.38,3.22,2.54,3.29,1.2,0.93,1.05,0.75,0.16
user_94,4,2019-10-23,location,1,1,4.26,3.38,3.22,2.54,3.29,1.2,0.93,1.05,0.75,0.16
user_95,4,2018-09-05,food,1,3,4.49,3.15,2.48,1.77,2.86,1.22,0.89,1.01,0.84,0.68
user_95,4,2018-09-05,service,1,3,4.49,3.15,2.48,1.77,2.86,1.22,0.89,1.01,0.84,0.68
user_95,4,2018-09-05,ambience,1,3,4.49,3.15,2.48,1.77,2.86,1.22,0.89,1.01,0.84,0.68
user_95,4,2018-09-05,price,1,3,4.49,3.15,2.48,1.77,2.86,1.22,0.89,1.01,0.84,0.68
user_95,4,2018-09-05,location,1,3,4.49,3.15,2.48,1.77,2.86,1.22,0.89,1.01,0.84,0.68
user_96,1,2015-12-21,food,1,3,1.83,3.67,1.99,2.73,2.02,0.78,1.1,0.11,1.47,0.22
user_96,1,2015-12-21,service,1,3,1.83,3.67,1.99,2.73,2.02,0.78,1.1,0.11,1.47,0.22
user_96,1,2015-12-21,ambience,1,3,1.83,3.67,1.99,2.73,2.02,0.78,1.1,0.11,1.47,0.22
user_96,1,2015-12-21,price,1,3,1.83,3.67,1.99,2.73,2.02,0.78,1.1,0.11,1.47,0.22
user_96,1,2015-12-21,location,0,3,1.83,3.67,1.99,2.73,2.02,0.78,1.1,0.11,1.47,0.22
user_97,2,2018-06-26,food,1,3,2.25,2.87,1.88,3.06,2.08,0.08,0.07,0.97,1.54,0.85
user_97,2,2018-06-26,service,-1,3,2.25,2.87,1.88,3.06,2.08,0.08,0.07,0.97,1.54,0.85
user_97,2,2018-06-26,ambience,1,3,2.25,2.87,1.88,3.06,2.08,0.08,0.07,0.97,1.54,0.85
user_97,2,2018-06-26,price,1,3,2.25,2.87,1.88,3.06,2.08,0.08,0.07,0.97,1.54,0.85
user_97,2,2018-06-26,location,-1,3,2.25,2.87,1.88,3.06,2.08,0.08,0.07,0.97,1.54,0.85
user_98,4,2017-07-10,food,1,3,3.58,3.58,2.97,1.97,2.27,0.9,0.79,0.98,2.13,0.52
user_98,4,2017-07-10,service,1,3,3.58,3.58,2.97,1.97,2.27,0.9,0.79,0.98,2.13,0.52
user_98,4,2017-07-10,ambience,1,3,3.58,3.58,2.97,1.97,2.27,0.9,0.79,0.98,2.13,0.52
user_98,4,2017-07-10,price,1,3,3.58,3.58,2.97,1.97,2.27,0.9,0.79,0.98,2.13,0.52
user_98,4,2017-07-10,location,1,3,3.58,3.58,2.97,1.97,2.27,0.9,0.79,0.98,2.13,0.52
user_99,5,2017-03-25,food,0,3,4.56,3.07,3.07,1.6,1.75,1.1,0.75,0.14,1.1,0.32
user_99,5,2017-03-25,service,1,3,4.56,3.07,3.07,1.6,1.75,1.1,0.75,0.14,1.1,0.32
user_99,5,2017-03-25,ambience,1,3,4.56,3.07,3.07,1.6,1.75,1.1,0.75,0.14,1.1,0.32
user_99,5,2017-03-25,price,-1,3,4.56,3.07,3.07,1.6,1.75,1.1,0.75,0.14,1.1,0.32
user_99,5,2017-03-25,location,-1,3,4.56,3.07,3.07,1.6,1.75,1.1,0.75,0.14,1.1,0.32
user_100,5,2018-12-13,food,1,1,4.94,3.88,1.58,3.25,3.27,0.58,0.77,0.77,1.27,0.73
user_100,5,2018-12-13,service,1,1,4.94,3.88,1.58,3.25,3.27,0.58,0.77,0.77,1.27,0.73
user_100,5,2018-12-13,ambience,0,1,4.94,3.88,1.58,3.25,3.27,0.58,0.77,0.77,1.27,0.73
user_100,5,2018-12-13,price,1,1,4.94,3.88,1.58,3.25,3.27,0.58,0.77,0.77,1.27,0.73
user_100,5,2018-12-13,location,1,1,4.94,3.88,1.58,3.25,3.27,0.58,0.77,0.77,1.27,0.73
user_101,3,2018-04-21,food,-1,2,3.17,2.86,2.17,3.17,1.67,0.64,1.02,0.83,1.1,1.76
user_101,3,2018-04-21,service,1,2,3.17,2.86,2.17,3.17,1.67,0.64,1.02,0.83,1.1,1.76
user_101,3,2018-04-21,ambience,1,2,3.17,2.86,2.17,3.17,1.67,0.64,1.02,0.83,1.1,1.76
user_101,3,2018-04-21,price,1,2,3.17,2.86,2.17,3.17,1.67,0.64,1.02,0.83,1.1,1.76
user_101,3,2018-04-21,location,1,2,3.17,2.86,2.17,3.17,1.67,0.64,1.02,0.83,1.1,1.76
user_102,4,2017-10-03,food,1,3,4.3,2.33,2.76,3.83,1.73,0.6,0.27,0.31,1.41,1.28
user_102,4,2017-10-03,service,1,3,4.3,2.33,2.76,3.83,1.73,0.6,0.27,0.31,1.41,1.28
user_102,4,2017-10-03,ambience,1,3,4.3,2.33,2.76,3.83,1.73,0.6,0.27,0.31,1.41,1.28
user_102,4,2017-10-03,price,1,3,4.3,2.33,2.76,3.83,1.73,0.6,0.27,0.31,1.41,1.28
user_102,4,2017-10-03,location,1,3,4.3,2.33,2.76,3.83,1.73,0.6,0.27,0.31,1.41,1.28
user_103,2,2018-09-27,food,1,4,4.68,3.52,2.38,1.28,3.96,0.57,0.38,1.47,1.16,0.55
user_103,2,2018-09-27,service,1,4,4.68,3.52,2.38,1.28,3.96,0.57,0.38,1.47,1.16,0.55
user_103,2,2018-09-27,ambience,1,4,4.68,3.52,2.38,1.28,3.96,0.57,0.38,1.47,1.16,0.55
user_103,2,2018-09-27,price,1,4,4.68,3.52,2.38,1.28,3.96,0.57,0.38,1.47,1.16,0.55
user_103,2,2018-09-27,location,1,4,4.68,3.52,2.38,1.28,3.96,0.57,0.38,1.47,1.16,0.55
user_104,1,2018-09-21,food,0,4,4.3,4.66,1.98,3.26,1.77,0.78,1.07,1.78,0.68,0.55
user_104,1,2018-09-21,service,1,4,4.3,4.66,1.98,3.26,1.77,0.78,1.07,1.78,0.68,0.55
user_104,1,2018-09-21,ambience,0,4,4.3,4.66,1.98,3.26,1.77,0.78,1.07,1.78,0.68,0.55
user_104,1,2018-09-21,price,1,4,4.3,4.66,1.98,3.26,1.77,0.78,1.07,1.78,0.68,0.55
user_104,1,2018-09-21,location,0,4,4.3,4.66,1.98,3.26,1.77,0.78,1.07,1.78,0.68,0.55
user_105,1,2018-03-09,food,1,0,2.51,3.11,1.47,2.34,0.77,0.64,0.07,1.31,0.59,0.71
user_105,1,2018-03-09,service,1,0,2.51,3.11,1.47,2.34,0.77,0.64,0.07,1.31,0.59,0.71
user_105,1,2018-03-09,ambience,1,0,2.51,3.11,1.47,2.34,0.77,0.64,0.07,1.31,0.59,0.71
user_105,1,2018-03-09,price,1,0,2.51,3.11,1.47,2.34,0.77,0.64,0.07,1.31,0.59,0.71
user_105,1,2018-03-09,location,1,0,2.51,3.11,1.47,2.34,0.77,0.64,0.07,1.31,0.59,0.71
user_106,2,2016-02-29,food,0,3,4.24,3.46,2.33,1.48,2.52,0.62,0.82,0.77,0.81,0.86
user_106,2,2016-02-29,service,1,3,4.24,3.46,2.33,1.48,2.52,0.62,0.82,0.77,0.81,0.86
user_106,2,2016-02-29,ambience,1,3,4.24,3.46,2.33,1.48,2.52,0.62,0.82,0.77,0.81,0.86
user_106,2,2016-02-29,price,1,3,4.24,3.46,2.33,1.48,2.52,0.62,0.82,0.77,0.81,0.86
user_106,2,2016-02-29,location,1,3,4.24,3.46,2.33,1.48,2.52,0.62,0.82,0.77,0.81,0.86
user_107,2,2015-01-16,food,0,4,3.94,3.9,1.81,2.54,0.48,0.71,1.01,0.67,1.91,1.08
user_107,2,2015-01-16,service,1,4,3.94,3.9,1.81,2.54,0.48,0.71,1.01,0.67,1.91,1.08
user_107,2,2015-01-16,ambience,0,4,3.94,3.9,1.81,2.54,0.48,0.71,1.01,0.67,1.91,1.08
user_107,2,2015-01-16,price,1,4,3.94,3.9,1.81,2.54,0.48,0.71,1.01,0.67,1.91,1.08
user_107,2,2015-01-16,location,1,4,3.94,3.9,1.81,2.54,0.48,0.71,1.01,0.67,1.91,1.08
user_108,2,2017-10-14,food,1,3,4.48,3.48,2.04,1.99,1.78,0.34,0.55,0.8,2.04,0.84
user_108,2,2017-10-14,service,1,3,4.48,3.48,2.04,1.99,1.78,0.34,0.55,0.8,2.04,0.84
user_108,2,2017-10-14,ambience,1,3,4.48,3.48,2.04,1.99,1.78,0.34,0.55,0.8,2.04,0.84
user_108,2,2017-10-14,price,1,3,4.48,3.48,2.04,1.99,1.78,0.34,0.55,0.8,2.04,0.84
user_108,2,2017-10-14,location,1,3,4.48,3.48,2.04,1.99,1.78,0.34,0.55,0.8,2.04,0.84
user_109,5,2015-12-30,food,1,0,4.02,4.09,3.5,1.93,2.01,0.57,0.46,0.67,1.58,0.86
user_109,5,2015-12-30,service,1,0,4.02,4.09,3.5,1.93,2.01,0.57,0.46,0.67,1.58,0.86
user_109,5,2015-12-30,ambience,1,0,4.02,4.09,3.5,1.93,2.01,0.57,0.46,0.67,1.58,0.86
user_109,5,2015-12-30,price,1,0,4.02,4.09,3.5,1.93,2.01,0.57,0.46,0.67,1.58,0.86
user_109,5,2015-12-30,location,1,0,4.02,4.09,3.5,1.93,2.01,0.57,0.46,0.67,1.58,0.86
user_110,2,2015-04-23,food,1,1,3.53,4.44,1.87,2.48,2.68,0.31,0.66,0.51,1.69,0.71
user_110,2,2015-04-23,service,-1,1,3.53,4.44,1.87,2.48,2.68,0.31,0.66,0.51,1.69,0.71
user_110,2,2015-04-23,ambience,0,1,3.53,4.44,1.87,2.48,2.68,0.31,0.66,0.51,1.69,0.71
user_110,2,2015-04-23,price,1,1,3.53,4.44,1.87,2.48,2.68,0.31,0.66,0.51,1.69,0.71
user_110,2,2015-04-23,location,1,1,3.53,4.44,1.87,2.48,2.68,0.31,0.66,0.51,1.69,0.71
user_111,2,2016-10-23,food,-1,0,3.18,3.17,2.26,2.1,1.83,0.58,0.58,0.95,1.13,1.12
user_111,2,2016-10-23,service,-1,0,3.18,3.17,2.26,2.1,1.83,0.58,0.58,0.95,1.13,1.12
user_111,2,2016-10-23,ambience,1,0,3.18,3.17,2.26,2.1,1.83,0.58,0.58,0.95,1.13,1.12
user_111,2,2016-10-23,price,-1,0,3.18,3.17,2.26,2.1,1.83,0.58,0.58,0.95,1.13,1.12
user_111,2,2016-10-23,location,1,0,3.18,3.17,2.26,2.1,1.83,0.58,0.58,0.95,1.13,1.12
user_112,5,2018-05-11,food,1,0,3.14,2.2,3.23,3.23,1.44,0.64,0.55,0.87,1.27,0.18
user_112,5,2018-05-11,service,1,0,3.14,2.2,3.23,3.23,1.44,0.64,0.55,0.87,1.27,0.18
user_112,5,2018-05-11,ambience,1,0,3.14,2.2,3.23,3.23,1.44,0.64,0.55,0.87,1.27,0.18
user_112,5,2018-05-11,price,1,0,3.14,2.2,3.23,3.23,1.44,0.64,0.55,0.87,1.27,0.18
user_112,5,2018-05-11,location,1,0,3.14,2.2,3.23,3.23,1.44,0.64,0.55,0.87,1.27,0.18
user_113,3,2018-01-11,food,1,4,3.89,1.92,2.75,3.16,1.91,0.31,1.39,1.43,1.47,0.82
user_113,3,2018-01-11,service,1,4,3.89,1.92,2.75,3.16,1.91,0.31,1.39,1.43,1.47,0.82
user_113,3,2018-01-11,ambience,1,4,3.89,1.92,2.75,3.16,1.91,0.31,1.39,1.43,1.47,0.82
user_113,3,2018-01-11,price,1,4,3.89,1.92,2.75,3.16,1.91,0.31,1.39,1.43,1.47,0.82
user_113,3,2018-01-11,location,-1,4,3.89,1.92,2.75,3.16,1.91,0.31,1.39,1.43,1.47,0.82
user_114,3,2017-01-10,food,-1,2,2.86,4.08,2.85,3.23,1.65,0.56,1.39,0.86,0.45,0.56
user_114,3,2017-01-10,service,1,2,2.86,4.08,2.85,3.23,1.65,0.56,1.39,0.86,0.45,0.56
user_114,3,2017-01-10,ambience,1,2,2.86,4.08,2.85,3.23,1.65,0.56,1.39,0.86,0.45,0.56
user_114,3,2017-01-10,price,1,2,2.86,4.08,2.85,3.23,1.65,0.56,1.39,0.86,0.45,0.56
user_114,3,2017-01-10,location,1,2,2.86,4.08,2.85,3.23,1.65,0.56,1.39,0.86,0.45,0.56
user_115,1,2017-07-17,food,1,3,3.45,1.79,2.74,2.36,2.7,0.58,1.36,0.42,1.17,0.32
user_115,1,2017-07-17,service,1,3,3.45,1.79,2.74,2.36,2.7,0.58,1.36,0.42,1.17,0.32
user_115,1,2017-07-17,ambience,0,3,3.45,1.79,2.74,2.36,2.7,0.58,1.36,0.42,1.17,0.32
user_115,1,2017-07-17,price,1,3,3.45,1.79,2.74,2.36,2.7,0.58,1.36,0.42,1.17,0.32
user_115,1,2017-07-17,location,1,3,3.45,1.79,2.74,2.36,2.7,0.58,1.36,0.42,1.17,0.32
user_116,5,2018-04-02,food,1,3,3.91,4.71,3.35,2.6,1.98,1.21,1.13,1.96,0.89,2.09
user_116,5,2018-04-02,service,1,3,3.91,4.71,3.35,2.6,1.98,1.21,1.13,1.96,0.89,2.09
user_116,5,2018-04-02,ambience,1,3,3.91,4.71,3.35,2.6,1.98,1.21,1.13,1.96,0.89,2.09
user_116,5,2018-04-02,price,1,3,3.91,4.71,3.35,2.6,1.98,1.21,1.13,1.96,0.89,2.09
user_116,5,2018-04-02,location,1,3,3.91,4.71,3.35,2.6,1.98,1.21,1.13,1.96,0.89,2.09
user_117,5,2017-07-30,food,1,4,2.78,2.53,1.99,2.07,2.67,1.25,0.84,0.99,1.06,1.19
user_117,5,2017-07-30,service,1,4,2.78,2.53,1.99,2.07,2.67,1.25,0.84,0.99,1.06,1.19
user_117,5,2017-07-30,ambience,1,4,2.78,2.53,1.99,2.07,2.67,1.25,0.84,0.99,1.06,1.19
user_117,5,2017-07-30,price,1,4,2.78,2.53,1.99,2.07,2.67,1.25,0.84,0.99,1.06,1.19
user_117,5,2017-07-30,location,1,4,2.78,2.53,1.99,2.07,2.67,1.25,0.84,0.99,1.06,1.19
user_118,1,2019-10-16,food,-1,3,3.29,3.69,3.08,2.86,2.09,1.33,0.33,0.69,1.48,0.91
user_118,1,2019-10-16,service,1,3,3.29,3.69,3.08,2.86,2.09,1.33,0.33,0.69,1.48,0.91
user_118,1,2019-10-16,ambience,0,3,3.29,3.69,3.08,2.86,2.09,1.33,0.33,0.69,1.48,0.91
user_118,1,2019-10-16,price,1,3,3.29,3.69,3.08,2.86,2.09,1.33,0.33,0.69,1.48,0.91
user_118,1,2019-10-16,location,1,3,3.29,3.69,3.08,2.86,2.09,1.33,0.33,0.69,1.48,0.91
user_119,4,2016-06-25,food,1,3,4.31,2.72,2.6,3.35,1.93,0.77,0.4,0.56,1.27,0.38
user_119,4,2016-06-25,service,1,3,4.31,2.72,2.6,3.35,1.93,0.77,0.4,0.56,1.27,0.38
user_119,4,2016-06-25,ambience,1,3,4.31,2.72,2.6,3.35,1.93,0.77,0.4,0.56,1.27,0.38
user_119,4,2016-06-25,price,1,3,4.31,2.72,2.6,3.35,1.93,0.77,0.4,0.56,1.27,0.38
user_119,4,2016-06-25,location,-1,3,4.31,2.72,2.6,3.35,1.93,0.77,0.4,0.56,1.27,0.38
user_120,1,2016-04-14,food,1,1,4.27,3.53,2.27,2.85,2.25,0.36,0.35,0.73,1.34,1.09
user_120,1,2016-04-14,service,1,1,4.27,3.53,2.27,2.85,2.25,0.36,0.35,0.73,1.34,1.09
user_120,1,2016-04-14,ambience,1,1,4.27,3.53,2.27,2.85,2.25,0.36,0.35,0.73,1.34,1.09
user_120,1,2016-04-14,price,1,1,4.27,3.53,2.27,2.85,2.25,0.36,0.35,0.73,1.34,1.09
user_120,1,2016-04-14,location,1,1,4.27,3.53,2.27,2.85,2.25,0.36,0.35,0.73,1.34,1.09
user_121,2,2017-01-01,food,1,2,3.54,3.51,3.22,2.71,2.72,0.56,1.0,0.97,1.57,0.98
user_121,2,2017-01-01,service,1,2,3.54,3.51,3.22,2.71,2.72,0.56,1.0,0.97,1.57,0.98
user_121,2,2017-01-01,ambience,1,2,3.54,3.51,3.22,2.71,2.72,0.56,1.0,0.97,1.57,0.98
user_121,2,2017-01-01,price,1,2,3.54,3.51,3.22,2.71,2.72,0.56,1.0,0.97,1.57,0.98
user_121,2,2017-01-01,location,1,2,3.54,3.51,3.22,2.71,2.72,0.56,1.0,0.97,1.57,0.98
user_122,3,2016-01-18,food,1,4,2.95,3.07,2.6,2.86,1.96,1.22,0.72,1.06,0.6,1.98
user_122,3,2016-01-18,service,1,4,2.95,3.07,2.6,2.86,1.96,1.22,0.72,1.06,0.6,1.98
user_122,3,2016-01-18,ambience,0,4,2.95,3.07,2.6,2.86,1.96,1.22,0.72,1.06,0.6,1.98
user_122,3,2016-01-18,price,1,4,2.95,3.07,2.6,2.86,1.96,1.22,0.72,1.06,0.6,1.98
user_122,3,2016-01-18,location,0,4,2.95,3.07,2.6,2.86,1.96,1.22,0.72,1.06,0.6,1.98
user_123,4,2016-06-23,food,1,1,4.16,3.56,2.54,2.56,1.06,0.8,0.21,0.9,1.26,0.79
user_123,4,2016-06-23,service,1,1,4.16,3.56,2.54,2.56,1.06,0.8,0.21,0.9,1.26,0.79
user_123,4,2016-06-23,ambience,1,1,4.16,3.56,2.54,2.56,1.06,0.8,0.21,0.9,1.26,0.79
user_123,4,2016-06-23,price,1,1,4.16,3.56,2.54,2.56,1.06,0.8,0.21,0.9,1.26,0.79
user_123,4,2016-06-23,location,0,1,4.16,3.56,2.54,2.56,1.06,0.8,0.21,0.9,1.26,0.79
user_124,5,2015-07-06,food,0,2,3.48,3.8,2.06,3.07,1.18,0.1,0.26,1.18,0.9,1.48
user_124,5,2015-07-06,service,-1,2,3.48,3.8,2.06,3.07,1.18,0.1,0.26,1.18,0.9,1.48
user_124,5,2015-07-06,ambience,1,2,3.48,3.8,2.06,3.07,1.18,0.1,0.26,1.18,0.9,1.48
user_124,5,2015-07-06,price,0,2,3.48,3.8,2.06,3.07,1.18,0.1,0.26,1.18,0.9,1.48
user_124,5,2015-07-06,location,1,2,3.48,3.8,2.06,3.07,1.18,0.1,0.26,1.18,0.9,1.48
user_125,1,2016-05-31,food,-1,3,3.53,1.59,3.14,1.64,2.73,0.34,0.41,1.18,2.03,0.77
user_125,1,2016-05-31,service,0,3,3.53,1.59,3.14,1.64,2.73,0.34,0.41,1.18,2.03,0.77
user_125,1,2016-05-31,ambience,0,3,3.53,1.59,3.14,1.64,2.73,0.34,0.41,1.18,2.03,0.77
user_125,1,2016-05-31,price,0,3,3.53,1.59,3.14,1.64,2.73,0.34,0.41,1.18,2.03,0.77
user_125,1,2016-05-31,location,1,3,3.53,1.59,3.14,1.64,2.73,0.34,0.41,1.18,2.03,0.77
user_126,2,2015-06-18,food,1,3,4.13,2.39,3.32,2.78,1.25,0.52,0.2,0.69,0.58,1.1
user_126,2,2015-06-18,service,-1,3,4.13,2.39,3.32,2.78,1.25,0.52,0.2,0.69,0.58,1.1
user_126,2,2015-06-18,ambience,0,3,4.13,2.39,3.32,2.78,1.25,0.52,0.2,0.69,0.58,1.1
user_126,2,2015-06-18,price,0,3,4.13,2.39,3.32,2.78,1.25,0.52,0.2,0.69,0.58,1.1
user_126,2,2015-06-18,location,-1,3,4.13,2.39,3.32,2.78,1.25,0.52,0.2,0.69,0.58,1.1
user_127,5,2015-06-06,food,1,0,4.92,1.42,2.86,2.63,3.23,0.76,0.59,0.8,0.69,0.23
user_127,5,2015-06-06,service,1,0,4.92,1.42,2.86,2.63,3.23,0.76,0.59,0.8,0.69,0.23
user_127,5,2015-06-06,ambience,0,0,4.92,1.42,2.86,2.63,3.23,0.76,0.59,0.8,0.69,0.23
user_127,5,2015-06-06,price,1,0,4.92,1.42,2.86,2.63,3.23,0.76,0.59,0.8,0.69,0.23
user_127,5,2015-06-06,location,1,0,4.92,1.42,2.86,2.63,3.23,0.76,0.59,0.8,0.69,0.23
user_128,1,2017-06-27,food,-1,4,3.33,1.87,2.88,2.15,2.09,0.29,1.12,1.44,0.55,0.73
user_128,1,2017-06-27,service,1,4,3.33,1.87,2.88,2.15,2.09,0.29,1.12,1.44,0.55,0.73
user_128,1,2017-06-27,ambience,0,4,3.33,1.87,2.88,2.15,2.09,0.29,1.12,1.44,0.55,0.73
user_128,1,2017-06-27,price,0,4,3.33,1.87,2.88,2.15,2.09,0.29,1.12,1.44,0.55,0.73
user_128,1,2017-06-27,location,0,4,3.33,1.87,2.88,2.15,2.09,0.29,1.12,1.44,0.55,0.73
user_129,4,2019-10-19,food,1,2,3.68,2.08,2.58,2.03,3.24,1.25,0.63,0.86,1.9,1.66
user_129,4,2019-10-19,service,1,2,3.68,2.08,2.58,2.03,3.24,1.25,0.63,0.86,1.9,1.66
user_129,4,2019-10-19,ambience,0,2,3.68,2.08,2.58,2.03,3.24,1.25,0.63,0.86,1.9,1.66
user_129,4,2019-10-19,price,1,2,3.68,2.08,2.58,2.03,3.24,1.25,0.63,0.86,1.9,1.66
user_129,4,2019-10-19,location,1,2,3.68,2.08,2.58,2.03,3.24,1.25,0.63,0.86,1.9,1.66
user_130,2,2018-07-14,food,1,4,4.68,2.2,2.2,2.82,2.11,0.05,0.1,1.42,1.69,0.75
user_130,2,2018-07-14,service,1,4,4.68,2.2,2.2,2.82,2.11,0.05,0.1,1.42,1.69,0.75
user_130,2,2018-07-14,ambience,0,4,4.68,2.2,2.2,2.82,2.11,0.05,0.1,1.42,1.69,0.75
user_130,2,2018-07-14,price,1,4,4.68,2.2,2.2,2.82,2.11,0.05,0.1,1.42,1.69,0.75
user_130,2,2018-07-14,location,1,4,4.68,2.2,2.2,2.82,2.11,0.05,0.1,1.42,1.69,0.75
user_131,1,2015-09-28,food,1,3,4.31,3.16,3.32,2.37,0.96,0.67,0.51,0.9,0.37,2.1
user_131,1,2015-09-28,service,0,3,4.31,3.16,3.32,2.37,0.96,0.67,0.51,0.9,0.37,2.1
user_131,1,2015-09-28,ambience,1,3,4.31,3.16,3.32,2.37,0.96,0.67,0.51,0.9,0.37,2.1
user_131,1,2015-09-28,price,1,3,4.31,3.16,3.32,2.37,0.96,0.67,0.51,0.9,0.37,2.1
user_131,1,2015-09-28,location,1,3,4.31,3.16,3.32,2.37,0.96,0.67,0.51,0.9,0.37,2.1
user_132,3,2015-07-27,food,1,4,3.01,2.41,2.84,2.57,1.88,1.1,0.57,0.97,1.38,0.12
user_132,3,2015-07-27,service,1,4,3.01,2.41,2.84,2.57,1.88,1.1,0.57,0.97,1.38,0.12
user_132,3,2015-07-27,ambience,1,4,3.01,2.41,2.84,2.57,1.88,1.1,0.57,0.97,1.38,0.12
user_132,3,2015-07-27,price,1,4,3.01,2.41,2.84,2.57,1.88,1.1,0.57,0.97,1.38,0.12
user_132,3,2015-07-27,location,0,4,3.01,2.41,2.84,2.57,1.88,1.1,0.57,0.97,1.38,0.12
user_133,1,2019-03-01,food,0,4,3.61,3.83,1.53,2.33,3.31,0.58,0.52,1.85,0.57,0.26
user_133,1,2019-03-01,service,1,4,3.61,3.83,1.53,2.33,3.31,0.58,0.52,1.85,0.57,0.26
user_133,1,2019-03-01,ambience,1,4,3.61,3.83,1.53,2.33,3.31,0.58,0.52,1.85,0.57,0.26
user_133,1,2019-03-01,price,0,4,3.61,3.83,1.53,2.33,3.31,0.58,0.52,1.85,0.57,0.26
user_133,1,2019-03-01,location,-1,4,3.61,3.83,1.53,2.33,3.31,0.58,0.52,1.85,0.57,0.26
user_134,1,2017-01-30,food,-1,4,4.21,3.78,2.76,2.52,2.89,1.05,0.34,0.06,1.01,1.45
user_134,1,2017-01-30,service,1,4,4.21,3.78,2.76,2.52,2.89,1.05,0.34,0.06,1.01,1.45
user_134,1,2017-01-30,ambience,1,4,4.21,3.78,2.76,2.52,2.89,1.05,0.34,0.06,1.01,1.45
user_134,1,2017-01-30,price,0,4,4.21,3.78,2.76,2.52,2.89,1.05,0.34,0.06,1.01,1.45
user_134,1,2017-01-30,location,1,4,4.21,3.78,2.76,2.52,2.89,1.05,0.34,0.06,1.01,1.45
user_135,3,2018-11-15,food,-1,4,4.33,4.18,3.5,2.64,1.89,1.11,0.79,0.88,0.33,1.63
user_135,3,2018-11-15,service,1,4,4.33,4.18,3.5,2.64,1.89,1.11,0.79,0.88,0.33,1.63
user_135,3,2018-11-15,ambience,1,4,4.33,4.18,3.5,2.64,1.89,1.11,0.79,0.88,0.33,1.63
user_135,3,2018-11-15,price,1,4,4.33,4.18,3.5,2.64,1.89,1.11,0.79,0.88,0.33,1.63
user_135,3,2018-11-15,location,1,4,4.33,4.18,3.5,2.64,1.89,1.11,0.79,0.88,0.33,1.63
user_136,2,2015-11-26,food,0,0,3.41,2.75,3.0,2.82,1.31,1.22,0.36,0.43,0.9,1.22
user_136,2,2015-11-26,service,1,0,3.41,2.75,3.0,2.82,1.31,1.22,0.36,0.43,0.9,1.22
user_136,2,2015-11-26,ambience,1,0,3.41,2.75,3.0,2.82,1.31,1.22,0.36,0.43,0.9,1.22
user_136,2,2015-11-26,price,0,0,3.41,2.75,3.0,2.82,1.31,1.22,0.36,0.43,0.9,1.22
user_136,2,2015-11-26,location,0,0,3.41,2.75,3.0,2.82,1.31,1.22,0.36,0.43,0.9,1.22
user_137,2,2019-03-15,food,1,0,4.65,3.61,3.73,1.75,0.76,0.82,0.36,1.29,1.29,1.85
user_137,2,2019-03-15,service,1,0,4.65,3.61,3.73,1.75,0.76,0.82,0.36,1.29,1.29,1.85
user_137,2,2019-03-15,ambience,1,0,4.65,3.61,3.73,1.75,0.76,0.82,0.36,1.29,1.29,1.85
user_137,2,2019-03-15,price,0,0,4.65,3.61,3.73,1.75,0.76,0.82,0.36,1.29,1.29,1.85
user_137,2,2019-03-15,location,1,0,4.65,3.61,3.73,1.75,0.76,0.82,0.36,1.29,1.29,1.85
user_138,5,2018-08-28,food,1,2,3.03,2.97,2.8,2.0,2.22,0.69,0.51,0.67,0.09,0.95
user_138,5,2018-08-28,service,1,2,3.03,2.97,2.8,2.0,2.22,0.69,0.51,0.67,0.09,0.95
user_138,5,2018-08-28,ambience,0,2,3.03,2.97,2.8,2.0,2.22,0.69,0.51,0.67,0.09,0.95
user_138,5,2018-08-28,price,1,2,3.03,2.97,2.8,2.0,2.22,0.69,0.51,0.67,0.09,0.95
user_138,5,2018-08-28,location,-1,2,3.03,2.97,2.8,2.0,2.22,0.69,0.51,0.67,0.09,0.95
user_139,1,2016-12-01,food,0,1,3.19,0.9,2.5,2.09,1.77,0.28,0.56,1.08,1.23,1.34
user_139,1,2016-12-01,service,-1,1,3.19,0.9,2.5,2.09,1.77,0.28,0.56,1.08,1.23,1.34
user_139,1,2016-12-01,ambience,1,1,3.19,0.9,2.5,2.09,1.77,0.28,0.56,1.08,1.23,1.34
user_139,1,2016-12-01,price,0,1,3.19,0.9,2.5,2.09,1.77,0.28,0.56,1.08,1.23,1.34
user_139,1,2016-12-01,location,1,1,3.19,0.9,2.5,2.09,1.77,0.28,0.56,1.08,1.23,1.34
user_140,3,2016-08-23,food,-1,0,3.4,3.03,3.33,2.37,2.49,0.68,0.48,1.17,0.52,0.72
user_140,3,2016-08-23,service,1,0,3.4,3.03,3.33,2.37,2.49,0.68,0.48,1.17,0.52,0.72
user_140,3,2016-08-23,ambience,1,0,3.4,3.03,3.33,2.37,2.49,0.68,0.48,1.17,0.52,0.72
user_140,3,2016-08-23,price,1,0,3.4,3.03,3.33,2.37,2.49,0.68,0.48,1.17,0.52,0.72
user_140,3,2016-08-23,location,1,0,3.4,3.03,3.33,2.37,2.49,0.68,0.48,1.17,0.52,0.72
user_141,2,2015-01-30,food,1,3,2.96,2.75,2.36,2.64,2.76,1.13,0.43,1.95,1.17,0.8
user_141,2,2015-01-30,service,1,3,2.96,2.75,2.36,2.64,2.76,1.13,0.43,1.95,1.17,0.8
user_141,2,2015-01-30,ambience,1,3,2.96,2.75,2.36,2.64,2.76,1.13,0.43,1.95,1.17,0.8
user_141,2,2015-01-30,price,-1,3,2.96,2.75,2.36,2.64,2.76,1.13,0.43,1.95,1.17,0.8
user_141,2,2015-01-30,location,1,3,2.96,2.75,2.36,2.64,2.76,1.13,0.43,1.95,1.17,0.8
user_142,4,2017-08-02,food,0,3,4.15,3.43,3.2,1.9,1.94,1.27,0.56,1.06,1.16,1.41
user_142,4,2017-08-02,service,-1,3,4.15,3.43,3.2,1.9,1.94,1.27,0.56,1.06,1.16,1.41
user_142,4,2017-08-02,ambience,-1,3,4.15,3.43,3.2,1.9,1.94,1.27,0.56,1.06,1.16,1.41
user_142,4,2017-08-02,price,-1,3,4.15,3.43,3.2,1.9,1.94,1.27,0.56,1.06,1.16,1.41
user_142,4,2017-08-02,location,1,3,4.15,3.43,3.2,1.9,1.94,1.27,0.56,1.06,1.16,1.41
user_143,5,2018-09-09,food,0,0,3.09,3.13,2.1,2.85,2.57,0.11,0.72,0.73,0.42,0.83
user_143,5,2018-09-09,service,1,0,3.09,3.13,2.1,2.85,2.57,0.11,0.72,0.73,0.42,0.83
user_143,5,2018-09-09,ambience,1,0,3.09,3.13,2.1,2.85,2.57,0.11,0.72,0.73,0.42,0.83
user_143,5,2018-09-09,price,1,0,3.09,3.13,2.1,2.85,2.57,0.11,0.72,0.73,0.42,0.83
user_143,5,2018-09-09,location,0,0,3.09,3.13,2.1,2.85,2.57,0.11,0.72,0.73,0.42,0.83
user_144,1,2019-09-11,food,1,4,2.89,2.85,2.62,2.95,2.69,0.88,0.04,1.56,1.32,0.16
user_144,1,2019-09-11,service,0,4,2.89,2.85,2.62,2.95,2.69,0.88,0.04,1.56,1.32,0.16
user_144,1,2019-09-11,ambience,1,4,2.89,2.85,2.62,2.95,2.69,0.88,0.04,1.56,1.32,0.16
user_144,1,2019-09-11,price,1,4,2.89,2.85,2.62,2.95,2.69,0.88,0.04,1.56,1.32,0.16
user_144,1,2019-09-11,location,1,4,2.89,2.85,2.62,2.95,2.69,0.88,0.04,1.56,1.32,0.16
user_145,5,2016-03-09,food,0,4,4.1,2.41,2.92,2.44,1.84,1.34,0.5,0.23,1.98,1.61
user_145,5,2016-03-09,service,0,4,4.1,2.41,2.92,2.44,1.84,1.34,0.5,0.23,1.98,1.61
user_145,5,2016-03-09,ambience,1,4,4.1,2.41,2.92,2.44,1.84,1.34,0.5,0.23,1.98,1.61
user_145,5,2016-03-09,price,1,4,4.1,2.41,2.92,2.44,1.84,1.34,0.5,0.23,1.98,1.61
user_145,5,2016-03-09,location,1,4,4.1,2.41,2.92,2.44,1.84,1.34,0.5,0.23,1.98,1.61
user_146,5,2017-12-25,food,1,3,3.81,2.94,2.01,3.07,0.78,0.17,0.59,0.39,0.04,0.83
user_146,5,2017-12-25,service,1,3,3.81,2.94,2.01,3.07,0.78,0.17,0.59,0.39,0.04,0.83
user_146,5,2017-12-25,ambience,-1,3,3.81,2.94,2.01,3.07,0.78,0.17,0.59,0.39,0.04,0.83
user_146,5,2017-12-25,price,0,3,3.81,2.94,2.01,3.07,0.78,0.17,0.59,0.39,0.04,0.83
user_146,5,2017-12-25,location,1,3,3.81,2.94,2.01,3.07,0.78,0.17,0.59,0.39,0.04,0.83
user_147,3,2017-07-24,food,1,3,2.73,2.3,1.94,1.92,2.52,1.17,0.51,0.84,0.15,0.27
user_147,3,2017-07-24,service,1,3,2.73,2.3,1.94,1.92,2.52,1.17,0.51,0.84,0.15,0.27
user_147,3,2017-07-24,ambience,0,3,2.73,2.3,1.94,1.92,2.52,1.17,0.51,0.84,0.15,0.27
user_147,3,2017-07-24,price,1,3,2.73,2.3,1.94,1.92,2.52,1.17,0.51,0.84,0.15,0.27
user_147,3,2017-07-24,location,0,3,2.73,2.3,1.94,1.92,2.52,1.17,0.51,0.84,0.15,0.27
user_148,4,2015-04-16,food,0,1,3.04,3.08,3.19,2.69,1.77,0.26,0.84,0.67,1.4,0.94
user_148,4,2015-04-16,service,0,1,3.04,3.08,3.19,2.69,1.77,0.26,0.84,0.67,1.4,0.94
user_148,4,2015-04-16,ambience,0,1,3.04,3.08,3.19,2.69,1.77,0.26,0.84,0.67,1.4,0.94
user_148,4,2015-04-16,price,1,1,3.04,3.08,3.19,2.69,1.77,0.26,0.84,0.67,1.4,0.94
user_148,4,2015-04-16,location,1,1,3.04,3.08,3.19,2.69,1.77,0.26,0.84,0.67,1.4,0.94
user_149,4,2018-08-20,food,1,3,3.92,3.92,3.65,2.56,2.04,0.47,1.13,0.78,0.43,0.84
user_149,4,2018-08-20,service,1,3,3.92,3.92,3.65,2.56,2.04,0.47,1.13,0.78,0.43,0.84
user_149,4,2018-08-20,ambience,1,3,3.92,3.92,3.65,2.56,2.04,0.47,1.13,0.78,0.43,0.84
user_149,4,2018-08-20,price,1,3,3.92,3.92,3.65,2.56,2.04,0.47,1.13,0.78,0.43,0.84
user_149,4,2018-08-20,location,1,3,3.92,3.92,3.65,2.56,2.04,0.47,1.13,0.78,0.43,0.84
user_150,3,2017-09-07,food,1,3,2.69,3.0,2.89,2.21,0.76,1.51,0.83,1.31,0.84,1.27
user_150,3,2017-09-07,service,0,3,2.69,3.0,2.89,2.21,0.76,1.51,0.83,1.31,0.84,1.27
user_150,3,2017-09-07,ambience,0,3,2.69,3.0,2.89,2.21,0.76,1.51,0.83,1.31,0.84,1.27
user_150,3,2017-09-07,price,1,3,2.69,3.0,2.89,2.21,0.76,1.51,0.83,1.31,0.84,1.27
user_150,3,2017-09-07,location,1,3,2.69,3.0,2.89,2.21,0.76,1.51,0.83,1.31,0.84,1.27
user_151,3,2015-06-19,food,1,2,3.46,2.41,2.11,2.22,1.06,2.17,0.08,0.76,0.97,0.67
user_151,3,2015-06-19,service,1,2,3.46,2.41,2.11,2.22,1.06,2.17,0.08,0.76,0.97,0.67
user_151,3,2015-06-19,ambience,0,2,3.46,2.41,2.11,2.22,1.06,2.17,0.08,0.76,0.97,0.67
user_151,3,2015-06-19,price,1,2,3.46,2.41,2.11,2.22,1.06,2.17,0.08,0.76,0.97,0.67
user_151,3,2015-06-19,location,1,2,3.46,2.41,2.11,2.22,1.06,2.17,0.08,0.76,0.97,0.67
user_152,2,2016-12-10,food,1,4,3.61,2.27,3.27,2.2,2.22,1.02,1.01,1.31,1.19,0.79
user_152,2,2016-12-10,service,1,4,3.61,2.27,3.27,2.2,2.22,1.02,1.01,1.31,1.19,0.79
user_152,2,2016-12-10,ambience,1,4,3.61,2.27,3.27,2.2,2.22,1.02,1.01,1.31,1.19,0.79
user_152,2,2016-12-10,price,-1,4,3.61,2.27,3.27,2.2,2.22,1.02,1.01,1.31,1.19,0.79
user_152,2,2016-12-10,location,0,4,3.61,2.27,3.27,2.2,2.22,1.02,1.01,1.31,1.19,0.79
user_153,3,2019-06-21,food,0,0,3.49,3.51,3.5,1.62,1.76,1.11,0.49,0.63,0.91,1.05
user_153,3,2019-06-21,service,0,0,3.49,3.51,3.5,1.62,1.76,1.11,0.49,0.63,0.91,1.05
user_153,3,2019-06-21,ambience,1,0,3.49,3.51,3.5,1.62,1.76,1.11,0.49,0.63,0.91,1.05
user_153,3,2019-06-21,price,1,0,3.49,3.51,3.5,1.62,1.76,1.11,0.49,0.63,0.91,1.05
user_153,3,2019-06-21,location,1,0,3.49,3.51,3.5,1.62,1.76,1.11,0.49,0.63,0.91,1.05
user_154,2,2015-01-12,food,1,3,5.0,2.99,2.31,1.81,0.56,0.82,0.59,0.46,1.33,1.24
user_154,2,2015-01-12,service,0,3,5.0,2.99,2.31,1.81,0.56,0.82,0.59,0.46,1.33,1.24
user_154,2,2015-01-12,ambience,1,3,5.0,2.99,2.31,1.81,0.56,0.82,0.59,0.46,1.33,1.24
user_154,2,2015-01-12,price,1,3,5.0,2.99,2.31,1.81,0.56,0.82,0.59,0.46,1.33,1.24
user_154,2,2015-01-12,location,1,3,5.0,2.99,2.31,1.81,0.56,0.82,0.59,0.46,1.33,1.24
user_155,4,2017-09-08,food,1,2,3.04,2.72,4.2,2.28,2.65,0.7,0.86,1.19,1.29,1.44
user_155,4,2017-09-08,service,1,2,3.04,2.72,4.2,2.28,2.65,0.7,0.86,1.19,1.29,1.44
user_155,4,2017-09-08,ambience,1,2,3.04,2.72,4.2,2.28,2.65,0.7,0.86,1.19,1.29,1.44
user_155,4,2017-09-08,price,1,2,3.04,2.72,4.2,2.28,2.65,0.7,0.86,1.19,1.29,1.44
user_155,4,2017-09-08,location,1,2,3.04,2.72,4.2,2.28,2.65,0.7,0.86,1.19,1.29,1.44
user_156,1,2017-10-30,food,1,1,4.5,3.14,2.37,2.32,2.64,0.93,0.25,0.17,1.31,0.61
user_156,1,2017-10-30,service,1,1,4.5,3.14,2.37,2.32,2.64,0.93,0.25,0.17,1.31,0.61
user_156,1,2017-10-30,ambience,0,1,4.5,3.14,2.37,2.32,2.64,0.93,0.25,0.17,1.31,0.61
user_156,1,2017-10-30,price,1,1,4.5,3.14,2.37,2.32,2.64,0.93,0.25,0.17,1.31,0.61
user_156,1,2017-10-30,location,1,1,4.5,3.14,2.37,2.32,2.64,0.93,0.25,0.17,1.31,0.61
user_157,5,2018-09-08,food,1,0,3.49,3.46,2.89,1.53,1.23,0.41,0.33,0.91,1.04,0.53
user_157,5,2018-09-08,service,1,0,3.49,3.46,2.89,1.53,1.23,0.41,0.33,0.91,1.04,0.53
user_157,5,2018-09-08,ambience,1,0,3.49,3.46,2.89,1.53,1.23,0.41,0.33,0.91,1.04,0.53
user_157,5,2018-09-08,price,-1,0,3.49,3.46,2.89,1.53,1.23,0.41,0.33,0.91,1.04,0.53
user_157,5,2018-09-08,location,0,0,3.49,3.46,2.89,1.53,1.23,0.41,0.33,0.91,1.04,0.53
user_158,2,2018-05-16,food,0,3,2.45,2.34,4.09,2.44,3.01,1.24,0.56,1.1,0.56,1.16
user_158,2,2018-05-16,service,1,3,2.45,2.34,4.09,2.44,3.01,1.24,0.56,1.1,0.56,1.16
user_158,2,2018-05-16,ambience,1,3,2.45,2.34,4.09,2.44,3.01,1.24,0.56,1.1,0.56,1.16
user_158,2,2018-05-16,price,1,3,2.45,2.34,4.09,2.44,3.01,1.24,0.56,1.1,0.56,1.16
user_158,2,2018-05-16,location,1,3,2.45,2.34,4.09,2.44,3.01,1.24,0.56,1.1,0.56,1.16
user_159,1,2017-04-06,food,1,0,3.07,3.67,1.97,3.02,0.9,1.32,0.38,1.02,1.02,0.76
user_159,1,2017-04-06,service,1,0,3.07,3.67,1.97,3.02,0.9,1.32,0.38,1.02,1.02,0.76
user_159,1,2017-04-06,ambience,1,0,3.07,3.67,1.97,3.02,0.9,1.32,0.38,1.02,1.02,0.76
user_159,1,2017-04-06,price,1,0,3.07,3.67,1.97,3.02,0.9,1.32,0.38,1.02,1.02,0.76
user_159,1,2017-04-06,location,1,0,3.07,3.67,1.97,3.02,0.9,1.32,0.38,1.02,1.02,0.76
user_160,3,2017-12-29,food,1,1,3.74,4.12,1.76,3.48,2.26,1.16,0.45,0.8,1.69,0.82
user_160,3,2017-12-29,service,1,1,3.74,4.12,1.76,3.48,2.26,1.16,0.45,0.8,1.69,0.82
user_160,3,2017-12-29,ambience,1,1,3.74,4.12,1.76,3.48,2.26,1.16,0.45,0.8,1.69,0.82
user_160,3,2017-12-29,price,1,1,3.74,4.12,1.76,3.48,2.26,1.16,0.45,0.8,1.69,0.82
user_160,3,2017-12-29,location,-1,1,3.74,4.12,1.76,3.48,2.26,1.16,0.45,0.8,1.69,0.82
user_161,5,2017-01-22,food,-1,2,3.55,1.56,2.2,2.75,2.53,0.85,0.21,0.77,0.83,0.92
user_161,5,2017-01-22,service,1,2,3.55,1.56,2.2,2.75,2.53,0.85,0.21,0.77,0.83,0.92
user_161,5,2017-01-22,ambience,1,2,3.55,1.56,2.2,2.75,2.53,0.85,0.21,0.77,0.83,0.92
user_161,5,2017-01-22,price,0,2,3.55,1.56,2.2,2.75,2.53,0.85,0.21,0.77,0.83,0.92
user_161,5,2017-01-22,location,1,2,3.55,1.56,2.2,2.75,2.53,0.85,0.21,0.77,0.83,0.92
user_162,5,2015-09-20,food,1,0,4.24,3.53,1.97,3.36,1.95,1.06,0.21,1.05,0.64,0.85
user_162,5,2015-09-20,service,1,0,4.24,3.53,1.97,3.36,1.95,1.06,0.21,1.05,0.64,0.85
user_162,5,2015-09-20,ambience,1,0,4.24,3.53,1.97,3.36,1.95,1.06,0.21,1.05,0.64,0.85
user_162,5,2015-09-20,price,1,0,4.24,3.53,1.97,3.36,1.95,1.06,0.21,1.05,0.64,0.85
user_162,5,2015-09-20,location,1,0,4.24,3.53,1.97,3.36,1.95,1.06,0.21,1.05,0.64,0.85
user_163,3,2017-03-01,food,0,2,2.01,2.28,2.0,2.01,0.9,0.99,0.05,0.98,0.45,1.71
user_163,3,2017-03-01,service,0,2,2.01,2.28,2.0,2.01,0.9,0.99,0.05,0.98,0.45,1.71
user_163,3,2017-03-01,ambience,1,2,2.01,2.28,2.0,2.01,0.9,0.99,0.05,0.98,0.45,1.71
user_163,3,2017-03-01,price,1,2,2.01,2.28,2.0,2.01,0.9,0.99,0.05,0.98,0.45,1.71
user_163,3,2017-03-01,location,1,2,2.01,2.28,2.0,2.01,0.9,0.99,0.05,0.98,0.45,1.71
user_164,3,2017-09-09,food,1,2,4.47,2.47,2.97,1.16,3.34,0.78,0.08,0.65,0.3,0.79
user_164,3,2017-09-09,service,0,2,4.47,2.47,2.97,1.16,3.34,0.78,0.08,0.65,0.3,0.79
user_164,3,2017-09-09,ambience,1,2,4.47,2.47,2.97,1.16,3.34,0.78,0.08,0.65,0.3,0.79
user_164,3,2017-09-09,price,1,2,4.47,2.47,2.97,1.16,3.34,0.78,0.08,0.65,0.3,0.79
user_164,3,2017-09-09,location,-1,2,4.47,2.47,2.97,1.16,3.34,0.78,0.08,0.65,0.3,0.79
user_165,5,2016-11-18,food,1,1,3.79,2.95,2.62,1.68,1.41,0.23,0.88,0.35,1.17,0.73
user_165,5,2016-11-18,service,1,1,3.79,2.95,2.62,1.68,1.41,0.23,0.88,0.35,1.17,0.73
user_165,5,2016-11-18,ambience,1,1,3.79,2.95,2.62,1.68,1.41,0.23,0.88,0.35,1.17,0.73
user_165,5,2016-11-18,price,1,1,3.79,2.95,2.62,1.68,1.41,0.23,0.88,0.35,1.17,0.73
user_165,5,2016-11-18,location,1,1,3.79,2.95,2.62,1.68,1.41,0.23,0.88,0.35,1.17,0.73
user_166,4,2018-06-02,food,1,3,2.97,3.25,2.74,2.32,2.22,0.74,0.37,0.91,1.29,0.13
user_166,4,2018-06-02,service,1,3,2.97,3.25,2.74,2.32,2.22,0.74,0.37,0.91,1.29,0.13
user_166,4,2018-06-02,ambience,0,3,2.97,3.25,2.74,2.32,2.22,0.74,0.37,0.91,1.29,0.13
user_166,4,2018-06-02,price,1,3,2.97,3.25,2.74,2.32,2.22,0.74,0.37,0.91,1.29,0.13
user_166,4,2018-06-02,location,1,3,2.97,3.25,2.74,2.32,2.22,0.74,0.37,0.91,1.29,0.13
user_167,3,2015-04-30,food,1,4,3.43,1.9,2.27,2.61,3.0,1.32,0.12,0.74,1.16,0.44
user_167,3,2015-04-30,service,1,4,3.43,1.9,2.27,2.61,3.0,1.32,0.12,0.74,1.16,0.44
user_167,3,2015-04-30,ambience,1,4,3.43,1.9,2.27,2.61,3.0,1.32,0.12,0.74,1.16,0.44
user_167,3,2015-04-30,price,-1,4,3.43,1.9,2.27,2.61,3.0,1.32,0.12,0.74,1.16,0.44
user_167,3,2015-04-30,location,1,4,3.43,1.9,2.27,2.61,3.0,1.32,0.12,0.74,1.16,0.44
user_168,5,2016-03-16,food,0,3,3.98,3.46,3.58,0.83,1.33,1.2,0.72,1.44,0.24,1.04
user_168,5,2016-03-16,service,1,3,3.98,3.46,3.58,0.83,1.33,1.2,0.72,1.44,0.24,1.04
user_168,5,2016-03-16,ambience,1,3,3.98,3.46,3.58,0.83,1.33,1.2,0.72,1.44,0.24,1.04
user_168,5,2016-03-16,price,0,3,3.98,3.46,3.58,0.83,1.33,1.2,0.72,1.44,0.24,1.04
user_168,5,2016-03-16,location,0,3,3.98,3.46,3.58,0.83,1.33,1.2,0.72,1.44,0.24,1.04
user_169,3,2016-05-24,food,1,4,3.61,1.74,2.82,2.69,1.25,0.48,0.69,0.8,1.66,0.73
user_169,3,2016-05-24,service,0,4,3.61,1.74,2.82,2.69,1.25,0.48,0.69,0.8,1.66,0.73
user_169,3,2016-05-24,ambience,1,4,3.61,1.74,2.82,2.69,1.25,0.48,0.69,0.8,1.66,0.73
user_169,3,2016-05-24,price,1,4,3.61,1.74,2.82,2.69,1.25,0.48,0.69,0.8,1.66,0.73
user_169,3,2016-05-24,location,1,4,3.61,1.74,2.82,2.69,1.25,0.48,0.69,0.8,1.66,0.73
user_170,3,2018-01-22,food,0,4,3.05,4.48,3.61,1.17,2.68,0.25,0.05,0.56,0.69,1.37
user_170,3,2018-01-22,service,1,4,3.05,4.48,3.61,1.17,2.68,0.25,0.05,0.56,0.69,1.37
user_170,3,2018-01-22,ambience,1,4,3.05,4.48,3.61,1.17,2.68,0.25,0.05,0.56,0.69,1.37
user_170,3,2018-01-22,price,1,4,3.05,4.48,3.61,1.17,2.68,0.25,0.05,0.56,0.69,1.37
user_170,3,2018-01-22,location,0,4,3.05,4.48,3.61,1.17,2.68,0.25,0.05,0.56,0.69,1.37
user_171,1,2019-11-15,food,0,4,3.87,4.43,3.13,2.36,2.48,2.35,0.76,1.18,1.94,0.37
user_171,1,2019-11-15,service,1,4,3.87,4.43,3.13,2.36,2.48,2.35,0.76,1.18,1.94,0.37
user_171,1,2019-11-15,ambience,1,4,3.87,4.43,3.13,2.36,2.48,2.35,0.76,1.18,1.94,0.37
user_171,1,2019-11-15,price,1,4,3.87,4.43,3.13,2.36,2.48,2.35,0.76,1.18,1.94,0.37
user_171,1,2019-11-15,location,1,4,3.87,4.43,3.13,2.36,2.48,2.35,0.76,1.18,1.94,0.37
user_172,1,2019-07-03,food,1,2,3.85,3.72,3.81,1.94,2.02,0.97,0.32,0.96,0.67,0.72
user_172,1,2019-07-03,service,0,2,3.85,3.72,3.81,1.94,2.02,0.97,0.32,0.96,0.67,0.72
user_172,1,2019-07-03,ambience,1,2,3.85,3.72,3.81,1.94,2.02,0.97,0.32,0.96,0.67,0.72
user_172,1,2019-07-03,price,1,2,3.85,3.72,3.81,1.94,2.02,0.97,0.32,0.96,0.67,0.72
user_172,1,2019-07-03,location,1,2,3.85,3.72,3.81,1.94,2.02,0.97,0.32,0.96,0.67,0.72
user_173,1,2017-01-25,food,1,0,3.38,3.05,2.72,2.49,1.55,0.33,0.08,0.45,1.15,1.31
user_173,1,2017-01-25,service,1,0,3.38,3.05,2.72,2.49,1.55,0.33,0.08,0.45,1.15,1.31
user_173,1,2017-01-25,ambience,1,0,3.38,3.05,2.72,2.49,1.55,0.33,0.08,0.45,1.15,1.31
user_173,1,2017-01-25,price,0,0,3.38,3.05,2.72,2.49,1.55,0.33,0.08,0.45,1.15,1.31
user_173,1,2017-01-25,location,1,0,3.38,3.05,2.72,2.49,1.55,0.33,0.08,0.45,1.15,1.31
user_174,5,2015-04-26,food,1,4,2.82,2.14,3.2,2.14,3.5,1.02,0.4,0.58,1.07,0.29
user_174,5,2015-04-26,service,0,4,2.82,2.14,3.2,2.14,3.5,1.02,0.4,0.58,1.07,0.29
user_174,5,2015-04-26,ambience,0,4,2.82,2.14,3.2,2.14,3.5,1.02,0.4,0.58,1.07,0.29
user_174,5,2015-04-26,price,1,4,2.82,2.14,3.2,2.14,3.5,1.02,0.4,0.58,1.07,0.29
user_174,5,2015-04-26,location,1,4,2.82,2.14,3.2,2.14,3.5,1.02,0.4,0.58,1.07,0.29
user_175,5,2018-08-23,food,0,0,2.66,2.35,3.25,2.52,0.21,0.96,0.48,0.85,0.6,0.99
user_175,5,2018-08-23,service,0,0,2.66,2.35,3.25,2.52,0.21,0.96,0.48,0.85,0.6,0.99
user_175,5,2018-08-23,ambience,1,0,2.66,2.35,3.25,2.52,0.21,0.96,0.48,0.85,0.6,0.99
user_175,5,2018-08-23,price,-1,0,2.66,2.35,3.25,2.52,0.21,0.96,0.48,0.85,0.6,0.99
user_175,5,2018-08-23,location,1,0,2.66,2.35,3.25,2.52,0.21,0.96,0.48,0.85,0.6,0.99
user_176,2,2016-03-24,food,1,4,4.75,1.98,2.46,2.01,1.42,0.61,0.89,1.49,0.58,0.97
user_176,2,2016-03-24,service,1,4,4.75,1.98,2.46,2.01,1.42,0.61,0.89,1.49,0.58,0.97
user_176,2,2016-03-24,ambience,1,4,4.75,1.98,2.46,2.01,1.42,0.61,0.89,1.49,0.58,0.97
user_176,2,2016-03-24,price,-1,4,4.75,1.98,2.46,2.01,1.42,0.61,0.89,1.49,0.58,0.97
user_176,2,2016-03-24,location,-1,4,4.75,1.98,2.46,2.01,1.42,0.61,0.89,1.49,0.58,0.97
user_177,4,2019-06-03,food,1,0,3.73,3.04,2.7,1.89,1.99,0.64,0.86,1.18,0.44,0.32
user_177,4,2019-06-03,service,1,0,3.73,3.04,2.7,1.89,1.99,0.64,0.86,1.18,0.44,0.32
user_177,4,2019-06-03,ambience,-1,0,3.73,3.04,2.7,1.89,1.99,0.64,0.86,1.18,0.44,0.32
user_177,4,2019-06-03,price,1,0,3.73,3.04,2.7,1.89,1.99,0.64,0.86,1.18,0.44,0.32
user_177,4,2019-06-03,location,1,0,3.73,3.04,2.7,1.89,1.99,0.64,0.86,1.18,0.44,0.32
user_178,3,2016-03-02,food,1,3,4.37,3.06,3.44,1.4,2.07,0.8,0.96,0.28,0.64,0.81
user_178,3,2016-03-02,service,0,3,4.37,3.06,3.44,1.4,2.07,0.8,0.96,0.28,0.64,0.81
user_178,3,2016-03-02,ambience,1,3,4.37,3.06,3.44,1.4,2.07,0.8,0.96,0.28,0.64,0.81
user_178,3,2016-03-02,price,0,3,4.37,3.06,3.44,1.4,2.07,0.8,0.96,0.28,0.64,0.81
user_178,3,2016-03-02,location,1,3,4.37,3.06,3.44,1.4,2.07,0.8,0.96,0.28,0.64,0.81
user_179,1,2019-08-30,food,1,2,4.23,4.07,4.26,3.72,0.13,0.12,0.21,0.65,1.59,1.53
user_179,1,2019-08-30,service,1,2,4.23,4.07,4.26,3.72,0.13,0.12,0.21,0.65,1.59,1.53
user_179,1,2019-08-30,ambience,1,2,4.23,4.07,4.26,3.72,0.13,0.12,0.21,0.65,1.59,1.53
user_179,1,2019-08-30,price,1,2,4.23,4.07,4.26,3.72,0.13,0.12,0.21,0.65,1.59,1.53
user_179,1,2019-08-30,location,0,2,4.23,4.07,4.26,3.72,0.13,0.12,0.21,0.65,1.59,1.53
user_180,4,2015-04-14,food,1,0,2.87,3.21,3.63,2.44,0.92,0.7,0.44,0.93,0.95,0.09
user_180,4,2015-04-14,service,0,0,2.87,3.21,3.63,2.44,0.92,0.7,0.44,0.93,0.95,0.09
user_180,4,2015-04-14,ambience,0,0,2.87,3.21,3.63,2.44,0.92,0.7,0.44,0.93,0.95,0.09
user_180,4,2015-04-14,price,1,0,2.87,3.21,3.63,2.44,0.92,0.7,0.44,0.93,0.95,0.09
user_180,4,2015-04-14,location,0,0,2.87,3.21,3.63,2.44,0.92,0.7,0.44,0.93,0.95,0.09
user_181,3,2016-08-11,food,1,4,4.91,3.07,2.76,3.68,1.13,0.37,0.88,0.54,1.52,0.63
user_181,3,2016-08-11,service,1,4,4.91,3.07,2.76,3.68,1.13,0.37,0.88,0.54,1.52,0.63
user_181,3,2016-08-11,ambience,1,4,4.91,3.07,2.76,3.68,1.13,0.37,0.88,0.54,1.52,0.63
user_181,3,2016-08-11,price,1,4,4.91,3.07,2.76,3.68,1.13,0.37,0.88,0.54,1.52,0.63
user_181,3,2016-08-11,location,1,4,4.91,3.07,2.76,3.68,1.13,0.37,0.88,0.54,1.52,0.63
user_182,1,2018-11-03,food,1,0,2.21,3.03,2.29,2.99,2.34,1.44,0.85,0.42,1.53,1.1
user_182,1,2018-11-03,service,1,0,2.21,3.03,2.29,2.99,2.34,1.44,0.85,0.42,1.53,1.1
user_182,1,2018-11-03,ambience,0,0,2.21,3.03,2.29,2.99,2.34,1.44,0.85,0.42,1.53,1.1
user_182,1,2018-11-03,price,1,0,2.21,3.03,2.29,2.99,2.34,1.44,0.85,0.42,1.53,1.1
user_182,1,2018-11-03,location,1,0,2.21,3.03,2.29,2.99,2.34,1.44,0.85,0.42,1.53,1.1
user_183,5,2016-09-17,food,1,1,3.79,3.67,2.91,2.44,2.33,0.51,0.25,0.98,0.63,0.29
user_183,5,2016-09-17,service,1,1,3.79,3.67,2.91,2.44,2.33,0.51,0.25,0.98,0.63,0.29
user_183,5,2016-09-17,ambience,1,1,3.79,3.67,2.91,2.44,2.33,0.51,0.25,0.98,0.63,0.29
user_183,5,2016-09-17,price,1,1,3.79,3.67,2.91,2.44,2.33,0.51,0.25,0.98,0.63,0.29
user_183,5,2016-09-17,location,1,1,3.79,3.67,2.91,2.44,2.33,0.51,0.25,0.98,0.63,0.29
user_184,3,2015-03-31,food,1,3,1.21,3.19,2.59,2.98,1.73,0.73,0.47,1.02,0.83,1.81
user_184,3,2015-03-31,service,0,3,1.21,3.19,2.59,2.98,1.73,0.73,0.47,1.02,0.83,1.81
user_184,3,2015-03-31,ambience,0,3,1.21,3.19,2.59,2.98,1.73,0.73,0.47,1.02,0.83,1.81
user_184,3,2015-03-31,price,1,3,1.21,3.19,2.59,2.98,1.73,0.73,0.47,1.02,0.83,1.81
user_184,3,2015-03-31,location,1,3,1.21,3.19,2.59,2.98,1.73,0.73,0.47,1.02,0.83,1.81
user_185,3,2019-08-25,food,0,0,4.49,3.71,3.64,2.41,2.1,1.06,0.74,1.43,1.37,2.34
user_185,3,2019-08-25,service,1,0,4.49,3.71,3.64,2.41,2.1,1.06,0.74,1.43,1.37,2.34
user_185,3,2019-08-25,ambience,1,0,4.49,3.71,3.64,2.41,2.1,1.06,0.74,1.43,1.37,2.34
user_185,3,2019-08-25,price,1,0,4.49,3.71,3.64,2.41,2.1,1.06,0.74,1.43,1.37,2.34
user_185,3,2019-08-25,location,1,0,4.49,3.71,3.64,2.41,2.1,1.06,0.74,1.43,1.37,2.34
user_186,5,2016-12-06,food,0,1,3.22,3.67,3.11,2.85,1.62,1.13,1.04,0.48,1.22,0.79
user_186,5,2016-12-06,service,1,1,3.22,3.67,3.11,2.85,1.62,1.13,1.04,0.48,1.22,0.79
user_186,5,2016-12-06,ambience,0,1,3.22,3.67,3.11,2.85,1.62,1.13,1.04,0.48,1.22,0.79
user_186,5,2016-12-06,price,1,1,3.22,3.67,3.11,2.85,1.62,1.13,1.04,0.48,1.22,0.79
user_186,5,2016-12-06,location,-1,1,3.22,3.67,3.11,2.85,1.62,1.13,1.04,0.48,1.22,0.79
user_187,3,2017-10-13,food,1,3,4.86,2.96,2.35,2.29,2.37,0.18,0.65,1.56,1.64,0.26
user_187,3,2017-10-13,service,-1,3,4.86,2.96,2.35,2.29,2.37,0.18,0.65,1.56,1.64,0.26
user_187,3,2017-10-13,ambience,1,3,4.86,2.96,2.35,2.29,2.37,0.18,0.65,1.56,1.64,0.26
user_187,3,2017-10-13,price,1,3,4.86,2.96,2.35,2.29,2.37,0.18,0.65,1.56,1.64,0.26
user_187,3,2017-10-13,location,1,3,4.86,2.96,2.35,2.29,2.37,0.18,0.65,1.56,1.64,0.26
user_188,1,2018-01-05,food,1,3,4.9,3.36,2.21,0.93,1.18,1.22,0.04,0.5,1.44,1.03
user_188,1,2018-01-05,service,1,3,4.9,3.36,2.21,0.93,1.18,1.22,0.04,0.5,1.44,1.03
user_188,1,2018-01-05,ambience,0,3,4.9,3.36,2.21,0.93,1.18,1.22,0.04,0.5,1.44,1.03
user_188,1,2018-01-05,price,1,3,4.9,3.36,2.21,0.93,1.18,1.22,0.04,0.5,1.44,1.03
user_188,1,2018-01-05,location,1,3,4.9,3.36,2.21,0.93,1.18,1.22,0.04,0.5,1.44,1.03
user_189,4,2019-09-09,food,1,3,4.02,3.46,1.82,3.37,1.36,0.81,0.69,0.4,2.2,0.91
user_189,4,2019-09-09,service,1,3,4.02,3.46,1.82,3.37,1.36,0.81,0.69,0.4,2.2,0.91
user_189,4,2019-09-09,ambience,1,3,4.02,3.46,1.82,3.37,1.36,0.81,0.69,0.4,2.2,0.91
user_189,4,2019-09-09,price,-1,3,4.02,3.46,1.82,3.37,1.36,0.81,0.69,0.4,2.2,0.91
user_189,4,2019-09-09,location,1,3,4.02,3.46,1.82,3.37,1.36,0.81,0.69,0.4,2.2,0.91
user_190,5,2018-09-08,food,1,4,2.39,4.06,2.93,2.87,2.07,1.21,0.06,0.55,0.99,0.29
user_190,5,2018-09-08,service,1,4,2.39,4.06,2.93,2.87,2.07,1.21,0.06,0.55,0.99,0.29
user_190,5,2018-09-08,ambience,1,4,2.39,4.06,2.93,2.87,2.07,1.21,0.06,0.55,0.99,0.29
user_190,5,2018-09-08,price,1,4,2.39,4.06,2.93,2.87,2.07,1.21,0.06,0.55,0.99,0.29
user_190,5,2018-09-08,location,1,4,2.39,4.06,2.93,2.87,2.07,1.21,0.06,0.55,0.99,0.29
user_191,3,2018-12-19,food,0,2,3.86,2.81,2.44,0.62,2.53,1.21,0.46,0.91,0.62,1.07
user_191,3,2018-12-19,service,0,2,3.86,2.81,2.44,0.62,2.53,1.21,0.46,0.91,0.62,1.07
user_191,3,2018-12-19,ambience,-1,2,3.86,2.81,2.44,0.62,2.53,1.21,0.46,0.91,0.62,1.07
user_191,3,2018-12-19,price,0,2,3.86,2.81,2.44,0.62,2.53,1.21,0.46,0.91,0.62,1.07
user_191,3,2018-12-19,location,1,2,3.86,2.81,2.44,0.62,2.53,1.21,0.46,0.91,0.62,1.07
user_192,2,2017-12-22,food,1,1,1.92,2.98,3.02,3.47,1.75,1.09,0.64,1.54,0.89,0.7
user_192,2,2017-12-22,service,1,1,1.92,2.98,3.02,3.47,1.75,1.09,0.64,1.54,0.89,0.7
user_192,2,2017-12-22,ambience,0,1,1.92,2.98,3.02,3.47,1.75,1.09,0.64,1.54,0.89,0.7
user_192,2,2017-12-22,price,-1,1,1.92,2.98,3.02,3.47,1.75,1.09,0.64,1.54,0.89,0.7
user_192,2,2017-12-22,location,1,1,1.92,2.98,3.02,3.47,1.75,1.09,0.64,1.54,0.89,0.7
